subject,exp_type,experiment,cr_psim,pli_psim,eli_psim
BW001,intracranial,pyFR,0.13506235827664398,0.06904761904761904,0.0625
BW013,intracranial,pyFR,0.13971861471861474,0.12414965986394558,0.25
BW014,intracranial,pyFR,0.14499118165784833,0.05555555555555555,0.047619047619047616
BW022,intracranial,pyFR,0.16076604554865426,0.15133928571428573,0.1499939874939875
BW023,intracranial,pyFR,0.15396471088435373,0.11904761904761904,0.04642857142857143
BW024,intracranial,pyFR,0.14727633477633476,0.12380952380952379,0.0
BW025,intracranial,pyFR,0.14743003341687552,0.10912698412698413,0.2833333333333333
CH003,intracranial,pyFR,0.14588744588744587,0.0,0.3333333333333333
CH005,intracranial,pyFR,0.18689006466784244,,
CH008b,intracranial,pyFR,0.11465436601991223,0.2698412698412698,0.15873015873015872
CH012,intracranial,pyFR,0.14207065610126834,0.03253968253968254,0.20259740259740258
CH013,intracranial,pyFR,0.13076923076923078,0.4761904761904761,0.25
CH018,intracranial,pyFR,0.13710783151572625,0.5178571428571428,0.16666666666666666
CH040,intracranial,pyFR,0.20693948412698412,0.20833333333333331,0.05714285714285714
CH042,intracranial,pyFR,0.15200946904185403,0.24181547619047616,0.19841269841269837
CH046,intracranial,pyFR,0.1266233766233766,0.037037037037037035,0.15476190476190477
CH048,intracranial,pyFR,0.09732615268329553,0.13922568172568173,0.041666666666666664
CH058,intracranial,pyFR,0.14960976638717502,0.24007936507936506,0.08928571428571429
CH061,intracranial,pyFR,0.10299823633156964,0.10052910052910052,0.25615079365079363
CH063,intracranial,pyFR,0.14285714285714285,0.0,0.11904761904761904
CH065,intracranial,pyFR,0.12981859410430838,0.08333333333333333,0.16666666666666666
CH066,intracranial,pyFR,0.16805555555555557,0.1111111111111111,0.0
CH067,intracranial,pyFR,0.12262949039264828,0.29166666666666663,0.2955060812203669
CH068,intracranial,pyFR,0.13830262666454923,0.2,0.25
CP001,intracranial,pyFR,0.051916535845107276,0.07619047619047618,0.19444444444444442
TJ001,intracranial,pyFR,0.15003741029164758,0.06666666666666667,0.0
TJ003,intracranial,pyFR,0.09893664939396646,0.07777777777777778,0.16235119047619045
TJ004,intracranial,pyFR,0.10770135214579658,0.1111111111111111,0.126007326007326
TJ005,intracranial,pyFR,0.1627945316856084,0.12287556689342402,0.2460813492063492
TJ006,intracranial,pyFR,0.1619047619047619,,0.0
TJ010,intracranial,pyFR,0.09474206349206349,0.0625,0.0
TJ011,intracranial,pyFR,0.2857142857142857,0.5416666666666666,0.13888888888888887
TJ013,intracranial,pyFR,0.13393436821175458,0.17488898337112624,0.18401675485008817
TJ015,intracranial,pyFR,0.10163889303588543,0.1691609977324263,0.12062232300327537
TJ016,intracranial,pyFR,0.1737828718822871,0.13732563732563732,0.16574074074074074
TJ017,intracranial,pyFR,0.13429705215419502,0.0,0.2346938775510204
TJ018,intracranial,pyFR,0.11780026455026454,0.07142857142857142,0.10476190476190476
TJ019,intracranial,pyFR,0.15499373433583957,0.1244047619047619,0.0
TJ020,intracranial,pyFR,0.1069010411220556,0.11904761904761904,0.14285714285714285
TJ021,intracranial,pyFR,0.10461237635150678,0.26785714285714285,0.14285714285714285
TJ022,intracranial,pyFR,0.11183571273202032,0.1489638447971781,0.053357753357753356
TJ024,intracranial,pyFR,0.1256679894179894,0.13343253968253968,0.1509948979591837
TJ025,intracranial,pyFR,0.12394705194120843,0.13020833333333331,0.3451388888888889
TJ027,intracranial,pyFR,0.11521481990231991,0.20476190476190476,0.041666666666666664
TJ028,intracranial,pyFR,0.1412505959830741,0.15095238095238095,0.19642857142857142
TJ029,intracranial,pyFR,0.11919390829165265,0.17460317460317462,0.19444444444444442
TJ030,intracranial,pyFR,0.10269936497634284,0.12440476190476189,0.1331619769119769
TJ031,intracranial,pyFR,0.12715895600490482,0.1232253086419753,0.14403768451825175
TJ032,intracranial,pyFR,0.14736003696677855,0.15079365079365079,0.12041396103896104
TJ033,intracranial,pyFR,0.13614890400604687,0.06018518518518518,0.12291666666666667
TJ034,intracranial,pyFR,0.09695767195767195,0.09226190476190477,0.22182539682539681
TJ035,intracranial,pyFR,0.09645909645909646,0.11428571428571428,0.10416666666666667
TJ036,intracranial,pyFR,0.1212659600877388,0.16666666666666666,0.13611111111111113
TJ037,intracranial,pyFR,0.13029656524280178,0.11667776667776668,0.1458732210833051
TJ038,intracranial,pyFR,0.12749971655328798,0.09107142857142858,0.1261904761904762
TJ039,intracranial,pyFR,0.1431423341237214,0.18367346938775508,0.14583333333333331
TJ040,intracranial,pyFR,0.12410714285714286,0.061224489795918366,0.215989010989011
TJ041,intracranial,pyFR,0.14227400670792084,0.11393672052154194,0.14767573696145123
TJ042,intracranial,pyFR,0.13608465608465609,0.06944444444444445,0.2724747474747475
TJ043,intracranial,pyFR,0.12971836419753088,0.047619047619047616,0.12003968253968254
TJ044,intracranial,pyFR,0.1382618506339734,0.1416170634920635,0.08333333333333333
TJ045,intracranial,pyFR,0.20539452495974234,0.2281746031746032,0.11011904761904762
TJ047,intracranial,pyFR,0.16404541446208112,0.12301587301587302,0.1781716960288389
TJ048,intracranial,pyFR,0.15035887615074783,0.0,0.1111111111111111
TJ049,intracranial,pyFR,0.1063095238095238,0.12222222222222222,0.375
TJ050,intracranial,pyFR,0.13732877150430342,0.11929613596280263,0.1359126984126984
TJ051,intracranial,pyFR,0.09271592604925938,0.11313131313131312,0.19200680272108844
TJ052,intracranial,pyFR,0.11309523809523811,0.08333333333333333,0.13392857142857142
TJ053,intracranial,pyFR,0.08556998556998557,0.18253968253968253,0.25
TJ054,intracranial,pyFR,0.12545697224139252,,0.6666666666666666
TJ055,intracranial,pyFR,0.12124779541446207,0.07407407407407407,0.20145502645502644
TJ056,intracranial,pyFR,0.05827067669172933,0.08333333333333333,0.0
TJ057,intracranial,pyFR,0.12725348725348726,0.10323010323010322,0.10924036281179139
TJ058,intracranial,pyFR,0.12036124794745484,,
TJ059,intracranial,pyFR,0.14463684463684465,0.08843537414965986,0.05555555555555555
TJ060,intracranial,pyFR,0.11234096266188921,,
TJ061,intracranial,pyFR,0.11607142857142858,0.11587301587301586,0.0
TJ062,intracranial,pyFR,0.15078154323005583,0.09791666666666667,0.14047619047619048
TJ064,intracranial,pyFR,0.14556914325458925,0.0,0.17116402116402116
TJ065,intracranial,pyFR,0.15489971629677513,0.1364795918367347,0.0
TJ066,intracranial,pyFR,0.13533549783549784,0.20267857142857143,0.08333333333333333
TJ068,intracranial,pyFR,0.13348815716762893,0.1111111111111111,0.1607142857142857
TJ069,intracranial,pyFR,0.1432109109528464,0.15674603174603174,0.16044201940035274
TJ071,intracranial,pyFR,0.0,0.15714285714285714,0.2222222222222222
TJ072,intracranial,pyFR,0.0,0.09523809523809523,
TJ073,intracranial,pyFR,0.12446260303158037,0.14669827526970383,0.13527336860670194
TJ074,intracranial,pyFR,0.14914113664113662,0.3650793650793651,0.12380952380952381
TJ075,intracranial,pyFR,0.11430114638447973,0.09375,0.18333333333333332
TJ077,intracranial,pyFR,0.15660714285714286,0.2009259259259259,0.3492063492063492
TJ078,intracranial,pyFR,0.13994252873563218,0.0,0.08680555555555555
TJ079,intracranial,pyFR,0.10111111111111111,0.19113756613756613,0.1075036075036075
TJ080,intracranial,pyFR,0.08445378151260505,0.1380952380952381,0.08333333333333333
TJ081,intracranial,pyFR,0.1279761904761905,0.0,0.125
TJ082,intracranial,pyFR,0.11634920634920634,0.1111111111111111,0.26785714285714285
TJ083,intracranial,pyFR,0.125,0.08928571428571429,0.08333333333333333
UP001,intracranial,pyFR,0.15251820365307206,0.1498015873015873,0.17032312925170065
UP002,intracranial,pyFR,0.12503968253968253,0.04081632653061224,0.22811948853615518
UP003,intracranial,pyFR,0.07330246913580246,0.25,0.2993827160493827
UP004,intracranial,pyFR,0.09912761400856639,0.1044501133786848,0.15694444444444444
UP005,intracranial,pyFR,0.16275769075868282,0.0,0.0
UP006,intracranial,pyFR,0.14142329345531315,0.16666666666666666,0.041666666666666664
UP007,intracranial,pyFR,0.1496715715271616,0.1891137566137566,0.23481292517006805
UP008,intracranial,pyFR,0.10550595238095237,0.09024943310657596,0.1660714285714286
UP011,intracranial,pyFR,0.13436227695486955,0.10317460317460318,0.0
UP016,intracranial,pyFR,0.09844877344877344,0.0,0.3333333333333333
UP017,intracranial,pyFR,0.11266570776054606,0.023214285714285715,0.13253968253968254
UP019,intracranial,pyFR,0.14132936507936508,0.05654761904761904,0.199156746031746
UP020,intracranial,pyFR,0.10926900584795322,0.04894179894179893,0.06704459561602419
UP021,intracranial,pyFR,0.18770331440847013,0.1966931216931217,0.13598284431617763
UP022,intracranial,pyFR,0.13660567575661917,0.15,0.06742424242424241
UP024,intracranial,pyFR,0.16409933427813375,0.32936507936507936,0.125
UP028,intracranial,pyFR,0.13741496598639455,0.06878306878306878,0.04
UP029,intracranial,pyFR,0.08333333333333333,0.047619047619047616,0.23809523809523805
UP034,intracranial,pyFR,0.13407916845416845,0.06415343915343914,0.2791666666666667
UP036,intracranial,pyFR,0.23809523809523808,0.21666666666666665,0.0
UP037,intracranial,pyFR,0.09394409937888198,0.0734126984126984,0.27037037037037037
UP038,intracranial,pyFR,0.14795918367346936,,0.125
UP040,intracranial,pyFR,0.13338253993974228,0.15122767857142858,0.17398809523809522
UP041,intracranial,pyFR,0.1446149024546237,0.1738095238095238,0.30158730158730157
UP042,intracranial,pyFR,0.07407407407407407,0.0,0.14393939393939392
UP043,intracranial,pyFR,0.13978004145529915,0.06696428571428571,0.09714285714285714
UP044,intracranial,pyFR,0.1403698991067412,0.06904761904761904,0.21357142857142858
UP045,intracranial,pyFR,0.16635338345864664,0.2708333333333333,0.12461843711843712
UP046,intracranial,pyFR,0.05022893772893774,0.14241496598639455,0.17294973544973544
R1001P,intracranial,FR1,0.17528860028860027,0.10283730158730157,0.1851010101010101
R1002P,intracranial,FR1,0.1333915258022401,0.08556547619047619,0.21428571428571427
R1003P,intracranial,FR1,0.11135927775365466,0.15096371882086168,0.1567569335426478
R1006P,intracranial,FR1,0.11850964540405534,0.075,0.12797619047619047
R1010J,intracranial,FR1,0.16413336167800452,0.1816468253968254,0.125
R1015J,intracranial,FR1,,,
R1018P,intracranial,FR1,0.10866910866910867,0.1130952380952381,0.0
R1020J,intracranial,FR1,0.1205971277399849,0.14909297052154194,0.5
R1022J,intracranial,FR1,0.1361030126336249,0.26666666666666666,0.1473922902494331
R1023J,intracranial,FR1,0.1230936819172113,0.0,0.0
R1026D,intracranial,FR1,0.16390692640692642,0.08333333333333333,0.2857142857142857
R1027J,intracranial,FR1,0.14906832298136646,0.1,0.08214285714285714
R1030J,intracranial,FR1,0.11070148489503326,0.06349206349206349,0.047619047619047616
R1031M,intracranial,FR1,0.14228497600590623,0.08333333333333333,
R1032D,intracranial,FR1,0.13507462686567165,0.0,0.3333333333333333
R1033D,intracranial,FR1,0.1338095238095238,,0.1693121693121693
R1034D,intracranial,FR1,0.1637179487179487,0.027777777777777776,0.12767857142857142
R1035M,intracranial,FR1,0.15216201423097975,0.0,0.26666666666666666
R1036M,intracranial,FR1,0.09467120181405894,0.050420168067226885,0.06666666666666667
R1042M,intracranial,FR1,0.1407750342935528,0.0,0.8571428571428571
R1044J,intracranial,FR1,0.07653061224489796,0.3333333333333333,0.25
R1045E,intracranial,FR1,0.1597495894909688,0.1589285714285714,0.09795918367346938
R1048E,intracranial,FR1,0.12550736961451248,0.16666666666666666,0.08843537414965986
R1049J,intracranial,FR1,0.1111111111111111,0.0,0.025974025974025972
R1050M,intracranial,FR1,0.13099692257855525,0.1111111111111111,0.2
R1051J,intracranial,FR1,0.13322054574835443,0.10990173847316703,0.152347035680369
R1052E,intracranial,FR1,0.11123427306304712,0.07291666666666666,0.27420634920634923
R1053M,intracranial,FR1,0.13936507936507933,0.05555555555555555,0.0
R1054J,intracranial,FR1,0.14170062414404705,0.05555555555555555,0.25
R1056M,intracranial,FR1,0.12439331501831502,0.5714285714285714,0.17857142857142858
R1057E,intracranial,FR1,0.09663865546218486,0.1884920634920635,0.2261904761904762
R1059J,intracranial,FR1,0.018518518518518517,0.06845238095238095,0.2770337301587301
R1060M,intracranial,FR1,0.11865663110548022,0.09329648526077097,0.16006117724867724
R1061T,intracranial,FR1,0.1618493933502694,0.09856532356532355,0.10196450375021804
R1062J,intracranial,FR1,0.16570767195767194,0.15277777777777776,0.0787037037037037
R1063C,intracranial,FR1,0.11255799072148456,0.22698412698412698,0.047619047619047616
R1065J,intracranial,FR1,0.12596933097505889,0.1814153439153439,0.19345238095238093
R1066P,intracranial,FR1,0.14301624806842814,0.0859375,0.11177248677248676
R1067P,intracranial,FR1,0.14736983360171763,0.12797619047619047,0.10074074074074073
R1068J,intracranial,FR1,0.13524619019109899,0.0625,0.14329805996472664
R1069M,intracranial,FR1,0.11074165298303228,0.07653061224489796,0.13333333333333333
R1074M,intracranial,FR1,0.12191876750700281,0.14285714285714285,0.0
R1075J,intracranial,FR1,0.12615414710485134,0.16833333333333333,0.1455026455026455
R1076D,intracranial,FR1,0.14044998502545672,0.1013640873015873,0.13089569160997733
R1077T,intracranial,FR1,0.1282517929178888,0.1164021164021164,0.16881613756613756
R1080E,intracranial,FR1,0.1301641097693729,0.0,0.04642857142857143
R1081J,intracranial,FR1,0.19049908424908424,,
R1083J,intracranial,FR1,0.17435373515373515,0.07976190476190477,0.11247641247641246
R1084T,intracranial,FR1,0.10714285714285715,0.10238095238095238,0.225
R1086M,intracranial,FR1,0.1391156462585034,0.125,0.11796536796536795
R1089P,intracranial,FR1,0.1510793650793651,0.10303030303030303,0.20634920634920637
R1092J,intracranial,FR1,0.11429714989444054,0.11949498746867168,0.1373511904761905
R1093J,intracranial,FR1,0.11744750250110873,0.05555555555555555,0.15540438397581255
R1096E,intracranial,FR1,0.17233076657855417,0.15873015873015872,0.185
R1098D,intracranial,FR1,0.16122389880838728,0.08774250440917108,0.29603174603174603
R1100D,intracranial,FR1,0.2222222222222222,,0.125
R1101T,intracranial,FR1,0.18495670995670996,0.07142857142857142,
R1102P,intracranial,FR1,0.17819889860706187,0.14285714285714285,0.0
R1104D,intracranial,FR1,0.1403174603174603,0.5,
R1105E,intracranial,FR1,0.10107448107448107,0.17857142857142858,
R1106M,intracranial,FR1,0.15742315444696398,0.09166666666666666,0.14226190476190476
R1108J,intracranial,FR1,0.1357588062831707,0.07222222222222222,0.03571428571428571
R1111M,intracranial,FR1,0.14254977629856505,0.06349206349206349,0.185978835978836
R1112M,intracranial,FR1,0.1572281334186096,0.363095238095238,0.29166666666666663
R1113T,intracranial,FR1,0.1364397285484242,0.07333333333333333,
R1114C,intracranial,FR1,0.16271367521367525,0.5714285714285714,0.12152777777777778
R1115T,intracranial,FR1,0.14728937728937727,0.12018140589569161,0.4166666666666667
R1118N,intracranial,FR1,0.1320216049382716,0.20297619047619048,0.029600694444444447
R1120E,intracranial,FR1,0.14199048306191162,0.09027777777777778,0.32499999999999996
R1121M,intracranial,FR1,0.11963352750006885,0.09523809523809523,0.15510204081632653
R1122E,intracranial,FR1,0.14292937847243845,0.05952380952380953,0.14285714285714285
R1123C,intracranial,FR1,0.14481620718462823,0.09583333333333333,0.14159318048206937
R1124J,intracranial,FR1,0.14920174773700792,0.1503968253968254,0.21924603174603172
R1125T,intracranial,FR1,0.12595170261836927,0.14642857142857144,0.15102341441627154
R1127P,intracranial,FR1,0.1540969540969541,0.20039682539682538,0.2083333333333333
R1128E,intracranial,FR1,0.1433522297808012,0.2,0.047619047619047616
R1129D,intracranial,FR1,0.18918650793650793,0.6607142857142857,0.40476190476190477
R1130M,intracranial,FR1,0.10926587301587301,0.125,0.5111111111111111
R1131M,intracranial,FR1,0.11927689594356262,0.2857142857142857,0.2857142857142857
R1135E,intracranial,FR1,0.13095867976820358,0.15357142857142858,0.10714285714285714
R1136N,intracranial,FR1,0.13860780423280422,0.4,0.0
R1137E,intracranial,FR1,0.1267879373448529,0.10945893508918719,0.10873015873015873
R1138T,intracranial,FR1,0.12683150183150182,0.15624999999999997,0.0
R1142N,intracranial,FR1,0.1568627450980392,0.07638888888888888,0.19687500000000002
R1145J,intracranial,FR1,0.1353254098135211,0.19976190476190475,0.08189484126984127
R1146E,intracranial,FR1,0.13160413660413658,0.14285714285714288,0.23809523809523805
R1147P,intracranial,FR1,0.23486449864498646,0.06580687830687831,0.06428571428571428
R1148P,intracranial,FR1,0.1262767425810904,0.0,0.24583333333333332
R1149N,intracranial,FR1,0.14806949806949804,0.125,0.03571428571428571
R1150J,intracranial,FR1,0.1063414721210823,0.06696428571428571,0.24080569727891155
R1151E,intracranial,FR1,0.12790319974143502,0.03422619047619047,0.057374338624338626
R1153T,intracranial,FR1,0.19733323573903283,0.1365873015873016,0.13988095238095236
R1154D,intracranial,FR1,0.12457752748325888,0.12433862433862435,0.12301587301587302
R1155D,intracranial,FR1,0.10328798185941045,0.14285714285714285,
R1156D,intracranial,FR1,0.1263410279052552,0.08179563492063492,0.12745535714285716
R1158T,intracranial,FR1,0.11793142187879029,0.20873015873015874,0.3542809042809043
R1159P,intracranial,FR1,0.0825,0.07142857142857142,
R1161E,intracranial,FR1,0.14438960113272425,0.11054421768707483,0.0687830687830688
R1162N,intracranial,FR1,0.15352182539682538,0.037037037037037035,0.21428571428571427
R1163T,intracranial,FR1,0.08864468864468864,0.26785714285714285,0.0
R1164E,intracranial,FR1,0.19503401360544217,0.125,0.16666666666666666
R1166D,intracranial,FR1,0.16148187244246356,0.22619047619047616,0.0
R1167M,intracranial,FR1,0.11108935156554203,0.1142857142857143,0.1369047619047619
R1168T,intracranial,FR1,0.11962414937824772,0.20634920634920637,0.10072751322751324
R1169P,intracranial,FR1,0.15898019604916158,0.04662698412698413,0.19404761904761902
R1170J,intracranial,FR1,0.17576864078964918,0.1449074074074074,0.11497858402620308
R1171M,intracranial,FR1,0.13631973622782445,0.1619047619047619,0.0
R1172E,intracranial,FR1,0.13320105820105818,0.0906336608717561,0.13518518518518519
R1173J,intracranial,FR1,0.14003448601662888,0.2509920634920635,0.14285714285714285
R1174T,intracranial,FR1,0.16184165490095406,0.31746031746031744,0.0
R1175N,intracranial,FR1,0.15127758420441348,0.23809523809523805,0.13333333333333333
R1176M,intracranial,FR1,0.14581529581529584,0.15476190476190477,0.125
R1177M,intracranial,FR1,0.11738187523071245,0.2857142857142857,0.0
R1178P,intracranial,FR1,0.09493284493284493,0.11927655677655678,0.29166666666666663
R1184M,intracranial,FR1,0.13214285714285715,0.07575757575757575,0.4
R1185N,intracranial,FR1,0.08317972350230414,0.21726190476190474,0.09523809523809523
R1186P,intracranial,FR1,0.2857142857142857,0.0,0.16666666666666666
R1187P,intracranial,FR1,0.04112554112554113,0.17559523809523808,0.027777777777777776
R1189M,intracranial,FR1,0.14073799925953287,0.05555555555555555,0.18888888888888888
R1191J,intracranial,FR1,0.1809611023896738,0.125,0.06944444444444443
R1193T,intracranial,FR1,0.18272497483023797,0.14285714285714285,0.1728395061728395
R1195E,intracranial,FR1,0.13149452870579129,0.0626984126984127,0.14991181657848324
R1196N,intracranial,FR1,0.1382259447476839,0.12738095238095237,0.0787037037037037
R1198M,intracranial,FR1,0.1093073593073593,0.0,0.07142857142857142
R1200T,intracranial,FR1,0.12388324597626922,0.3363095238095238,0.10185185185185185
R1201P,intracranial,FR1,0.13912942139686324,0.11415343915343915,0.14047619047619048
R1202M,intracranial,FR1,0.10886243386243386,0.16177721088435373,0.07886904761904762
R1203T,intracranial,FR1,0.07608695652173914,0.10714285714285714,0.21851851851851853
R1204T,intracranial,FR1,0.11833900226757368,0.25,0.17559523809523808
R1207J,intracranial,FR1,0.12691029900332226,0.12007575757575756,0.041666666666666664
R1212P,intracranial,FR1,0.14246049924016024,0.11805555555555555,0.2619047619047619
R1214M,intracranial,FR1,0.11696428571428572,0.33968253968253964,0.0
R1215M,intracranial,FR1,0.12573647692695314,0.1821869488536155,0.15145502645502645
R1216E,intracranial,FR1,0.12423707979263536,0.15476190476190477,0.0
R1217T,intracranial,FR1,0.14198866378910238,0.16111662257495588,0.1451590737305023
R1221P,intracranial,FR1,0.09757653061224489,0.2619047619047619,0.1471306471306471
R1222M,intracranial,FR1,0.14666639423231717,0.15476190476190477,
R1223E,intracranial,FR1,0.12670305373894056,0.05833333333333333,0.05555555555555555
R1226D,intracranial,FR1,0.13069181160836427,0.06532356532356531,0.08035714285714285
R1228M,intracranial,FR1,0.1501818783068783,0.20357142857142857,0.21201814058956914
R1229M,intracranial,FR1,0.08020382395382394,0.0,0.2857142857142857
R1230J,intracranial,FR1,0.13611950892113325,0.2037301587301587,0.16040081611510182
R1231M,intracranial,FR1,0.1439000647878199,0.0,0.3472222222222222
R1232N,intracranial,FR1,0.14966089466089466,0.10714285714285714,0.1
R1234D,intracranial,FR1,0.11097489316239317,0.0,0.10714285714285714
R1236J,intracranial,FR1,0.13812718658892126,0.10555655763989097,0.13528138528138525
R1240T,intracranial,FR1,0.11286848072562358,0.26190476190476186,0.13541666666666666
R1241J,intracranial,FR1,0.12018140589569161,0.08225108225108226,0.08
R1243T,intracranial,FR1,0.14705910409035408,0.18931193310657596,0.11915166761148903
R1247P,intracranial,FR1,0.1373299319727891,0.1255731922398589,0.041666666666666664
R1250N,intracranial,FR1,0.12925768166593854,0.14285714285714285,0.16666666666666666
R1251M,intracranial,FR1,0.16934001670843774,,
R1260D,intracranial,FR1,0.11946778711484593,0.13988095238095236,0.14634920634920634
R1264P,intracranial,FR1,0.09370552818828681,0.11428571428571428,0.05833333333333333
R1268T,intracranial,FR1,0.10691721132897603,0.19047619047619047,0.08333333333333333
R1274T,intracranial,FR1,0.09678130511463845,0.21428571428571427,0.08133435192258721
R1275D,intracranial,FR1,0.12938161375661375,0.1164021164021164,0.13730158730158729
R1277J,intracranial,FR1,0.14434035909445744,0.02857142857142857,0.23809523809523808
R1281E,intracranial,FR1,0.16321634714491856,0.1532738095238095,0.07175925925925926
R1283T,intracranial,FR1,0.13816258469791076,0.14211309523809523,0.12380952380952381
R1286J,intracranial,FR1,0.10863095238095237,0.06492504409171075,0.10267857142857142
R1288P,intracranial,FR1,0.07142857142857142,0.2857142857142857,0.15584415584415584
R1290M,intracranial,FR1,0.14013317879894577,0.1398148148148148,0.047619047619047616
R1291M,intracranial,FR1,0.12271329365079364,0.047619047619047616,0.0
R1292E,intracranial,FR1,0.12921287785403507,0.11408730158730158,0.14285714285714285
R1293P,intracranial,FR1,0.09981733434114387,0.16912901912901912,0.1998313492063492
R1297T,intracranial,FR1,0.15884920634920635,0.25,0.0
R1298E,intracranial,FR1,0.09591560201316299,0.09157509157509157,
R1299T,intracranial,FR1,0.1007862367188664,0.1016952045969903,0.059027777777777776
R1302M,intracranial,FR1,0.17687925170068025,0.03429705215419501,0.05930735930735931
R1304N,intracranial,FR1,0.11706349206349206,0.21428571428571427,0.14484126984126983
R1306E,intracranial,FR1,0.1684027777777778,0.05555555555555555,0.13333333333333333
R1308T,intracranial,FR1,0.12724537642225003,0.2333333333333333,0.13685515873015872
R1309M,intracranial,FR1,0.12735215396286176,0.4444444444444444,0.26785714285714285
R1310J,intracranial,FR1,0.1567555664523628,0.14285714285714285,0.22395833333333331
R1311T,intracranial,FR1,0.13595504845504844,0.2698412698412698,0.17857142857142855
R1313J,intracranial,FR1,0.1232308201058201,0.0,0.3333333333333333
R1315T,intracranial,FR1,0.13969713772033637,0.0,0.1507440476190476
R1316T,intracranial,FR1,0.12389261972595306,0.023809523809523808,0.06481481481481481
R1317D,intracranial,FR1,0.1278611444577831,0.06884920634920634,0.1464285714285714
R1318N,intracranial,FR1,0.14903832403832404,0.14484126984126983,0.11224489795918366
R1320D,intracranial,FR1,0.08888888888888889,0.0,0.047619047619047616
R1321M,intracranial,FR1,0.12184873949579833,0.2222222222222222,0.14557823129251699
R1323T,intracranial,FR1,0.11810859270208864,0.1757142857142857,0.170986050986051
R1324M,intracranial,FR1,0.08613445378151259,0.18707482993197277,0.07142857142857142
R1325C,intracranial,FR1,0.07596371882086167,0.020833333333333332,0.15476190476190477
R1328E,intracranial,FR1,0.12957303113553115,0.11369047619047616,0.375
R1329T,intracranial,FR1,0.12644704433497536,0.2857142857142857,0.4107142857142857
R1330D,intracranial,FR1,0.16184371184371185,0.12244897959183673,
R1332M,intracranial,FR1,0.15604395604395604,0.16634615384615387,0.22569444444444442
R1334T,intracranial,FR1,0.10965923406399596,0.14098679098679098,0.20770723104056432
R1336T,intracranial,FR1,0.06832010582010581,0.07142857142857142,0.2374338624338624
R1337E,intracranial,FR1,0.09525338615925331,0.11438492063492063,0.1407373050230193
R1338T,intracranial,FR1,0.0291005291005291,0.05714285714285714,0.4365079365079365
R1339D,intracranial,FR1,0.1646185824757253,0.18402777777777776,0.15244708994708994
R1341T,intracranial,FR1,0.1398432547006744,0.1611111111111111,0.11556122448979592
R1342M,intracranial,FR1,0.14245600414078674,0.25,0.125
R1345D,intracranial,FR1,0.14620744917850179,0.10835600907029479,0.09313492063492064
R1346T,intracranial,FR1,0.09164462081128748,0.11834656084656085,0.23750000000000002
R1347D,intracranial,FR1,0.11563894076148978,0.09999999999999999,0.20714285714285716
R1349T,intracranial,FR1,0.10751199704688076,0.11802721088435374,0.10714285714285714
R1350D,intracranial,FR1,0.126460419156469,0.06613756613756613,0.1630704365079365
R1351M,intracranial,FR1,0.09320887445887444,0.047619047619047616,0.2222222222222222
R1354E,intracranial,FR1,0.15557338714174193,0.11458333333333331,0.2144345238095238
R1355T,intracranial,FR1,0.11193818626614326,0.07579365079365079,0.07142857142857142
R1357M,intracranial,FR1,0.14491685563114134,0.0,0.11224489795918367
R1358T,intracranial,FR1,0.14950396825396825,0.0,0.0
R1361C,intracranial,FR1,0.10329653137850883,,0.42857142857142855
R1363T,intracranial,FR1,0.13955026455026454,0.12698412698412698,0.15476190476190477
R1364C,intracranial,FR1,0.1463770750030292,0.14814814814814814,0.146031746031746
R1367D,intracranial,FR1,0.09356957465967476,0.13640873015873015,0.226984126984127
R1368T,intracranial,FR1,0.11596119929453261,0.18783068783068782,0.03571428571428571
R1373T,intracranial,FR1,0.1728395061728395,,0.2857142857142857
R1374T,intracranial,FR1,0.10062830687830687,0.025925925925925925,0.0853174603174603
R1375C,intracranial,FR1,0.121031746031746,0.09523809523809523,0.3333333333333333
R1376D,intracranial,FR1,0.10476190476190476,0.46726190476190477,0.3369047619047619
R1377M,intracranial,FR1,0.16045439106245216,0.10515873015873015,0.3013888888888889
R1378T,intracranial,FR1,0.14166307942818185,0.14989606953892667,0.18785714285714286
R1379E,intracranial,FR1,0.141156462585034,0.015625,0.11458333333333333
R1380D,intracranial,FR1,0.1452887537993921,0.2888888888888889,0.25
R1381T,intracranial,FR1,0.12755102040816327,,0.0
R1382T,intracranial,FR1,0.13706518068220191,,0.0
R1383J,intracranial,FR1,0.10501700680272108,0.5714285714285714,
R1384J,intracranial,FR1,0.1506888614031471,0.3234126984126984,0.2857142857142857
R1385E,intracranial,FR1,0.12849715625555416,0.0,
R1386T,intracranial,FR1,0.14533730158730157,0.12916666666666665,0.0625
R1387E,intracranial,FR1,0.1273478835978836,0.11342592592592592,0.06666666666666667
R1390M,intracranial,FR1,0.17261904761904762,0.2,
R1391T,intracranial,FR1,0.15690940604733708,0.25,0.3136810279667422
R1393T,intracranial,FR1,0.10158730158730159,0.125,0.0
R1394E,intracranial,FR1,0.23151680962239968,0.24444444444444446,0.0625
R1395M,intracranial,FR1,0.1288154623244255,0.1984126984126984,0.30515873015873013
R1396T,intracranial,FR1,0.10119047619047619,0.10317460317460317,0.17182539682539683
R1397D,intracranial,FR1,0.09537276449041154,0.1865079365079365,0.15284391534391534
R1398J,intracranial,FR1,0.20680272108843534,0.125,0.165391156462585
R1401J,intracranial,FR1,0.26051587301587303,0.0,0.0625
R1402E,intracranial,FR1,0.1283068783068783,0.3253968253968254,0.3333333333333333
R1404E,intracranial,FR1,0.1997767857142857,0.16666666666666666,0.11458333333333333
R1405E,intracranial,FR1,0.141619425547997,0.23809523809523808,0.22486772486772486
R1406M,intracranial,FR1,0.21547619047619046,0.30158730158730157,0.20492724867724865
R1409D,intracranial,FR1,0.16986188414759842,0.3333333333333333,0.10714285714285714
R1412M,intracranial,FR1,0.1965811965811966,0.36507936507936506,0.2857142857142857
R1413D,intracranial,FR1,0.11879365079365078,0.19428571428571428,0.17142857142857143
R1414E,intracranial,FR1,0.1299107142857143,0.16666666666666666,0.17091836734693877
R1415T,intracranial,FR1,0.17477324263038546,0.14583333333333331,0.15746031746031747
R1416T,intracranial,FR1,0.08134920634920635,0.2,0.12301587301587302
R1420T,intracranial,FR1,0.0,0.14285714285714285,0.16666666666666666
R1421M,intracranial,FR1,0.20087301587301587,0.06666666666666667,0.21428571428571427
R1422T,intracranial,FR1,0.14710884353741496,0.14285714285714285,0.1085034013605442
R1423E,intracranial,FR1,0.17441421012849584,0.5,0.2857142857142857
R1425D,intracranial,FR1,0.11179978555334219,0.22751322751322753,0.13888888888888887
R1427T,intracranial,FR1,0.178608991489316,0.0,0.13888888888888887
R1428T,intracranial,FR1,0.10714285714285714,0.2857142857142857,0.19047619047619047
R1431J,intracranial,FR1,0.1338095238095238,0.0,0.26785714285714285
R1433E,intracranial,FR1,0.21428571428571427,0.0,0.6666666666666666
R1436J,intracranial,FR1,0.1738095238095238,0.30952380952380953,0.18888888888888888
R1438M,intracranial,FR1,0.17539682539682536,0.0,0.18285714285714283
R1441T,intracranial,FR1,0.13907639863705623,0.0,0.07407407407407407
R1443D,intracranial,FR1,0.11071428571428571,0.1111111111111111,0.1462466931216931
R1446T,intracranial,FR1,0.23095238095238094,,0.0
R1447M,intracranial,FR1,0.04365079365079365,0.0,0.26785714285714285
R1448T,intracranial,FR1,0.16294642857142858,0.125,0.09523809523809523
R1449T,intracranial,FR1,0.20018053375196232,0.0,0.06944444444444445
R1454M,intracranial,FR1,0.1037593984962406,0.0,
R1457T,intracranial,FR1,0.07242063492063491,0.08928571428571429,0.08125
R1459M,intracranial,FR1,0.15733082706766915,0.15277777777777776,0.24603174603174605
R1460M,intracranial,FR1,0.1173469387755102,,0.2222222222222222
R1462M,intracranial,FR1,0.12055933484504913,0.2777777777777778,0.22712842712842712
R1463E,intracranial,FR1,0.12440210755428148,0.125,0.2556878306878307
R1466J,intracranial,FR1,0.14191468253968256,0.19047619047619047,0.15376984126984128
R1467M,intracranial,FR1,0.11331569664902998,0.0,0.14285714285714285
R1542J,intracranial,FR1,0.15391174609976607,0.22261904761904763,0.15798412698412698
R1565T,intracranial,FR1,0.1565934065934066,0.2857142857142857,0.0
R1569T,intracranial,FR1,0.08448773448773449,0.13095238095238093,0.2006802721088435
R1571T,intracranial,FR1,0.13283208020050125,0.1019047619047619,0.0
R1572T,intracranial,FR1,0.20238095238095238,0.0,0.16666666666666666
R1573T,intracranial,FR1,0.10714285714285714,0.14285714285714285,
R1030J,intracranial,IFR1,0.12422949735449736,0.09077380952380952,0.13759920634920636
R1686S,intracranial,IFR1,0.1013330853174603,0.20153061224489793,0.19444444444444445
R1710J,intracranial,IFR1,0.1660106899902818,0.0,0.16203703703703703
R1720S,intracranial,IFR1,0.14015151515151514,0.04591836734693877,0.1954522549760645
R1721J,intracranial,IFR1,0.15918614673322773,0.08333333333333333,0.09606481481481481
R1724J,intracranial,IFR1,0.13418812928158724,0.1142609126984127,0.12982804232804232
R1725J,intracranial,IFR1,0.15901145268233877,0.09523809523809523,0.25925925925925924
R1729J,intracranial,IFR1,0.12482751593764202,0.15,0.16964285714285715
R1730A,intracranial,IFR1,0.147562358276644,0.14384920634920634,0.16750440917107584
R1733A,intracranial,IFR1,0.06613756613756613,0.0,0.13125
R1739A,intracranial,IFR1,0.16188523769474147,0.1509672619047619,0.12916666666666665
R1740H,intracranial,IFR1,0.14364749915779879,0.057291666666666664,0.2466765873015873
R1741A,intracranial,IFR1,0.11794958549209847,0.20095238095238094,0.13333333333333333
R1742J,intracranial,IFR1,0.13864838864838863,0.2095238095238095,0.15325018896447468
R1743H,intracranial,IFR1,0.10471781305114637,0.08829365079365079,0.15223665223665223
R1744A,intracranial,IFR1,0.15564993564993565,0.1417233560090703,0.20337301587301584
R1745H,intracranial,IFR1,0.11053876678876678,0.1475185528756957,0.27078754578754577
R1746A,intracranial,IFR1,0.13942667414889637,0.10873015873015873,0.21453823953823953
R1747A,intracranial,IFR1,0.14936868686868687,0.14831349206349206,0.12648809523809523
R1749A,intracranial,IFR1,0.14067039489270441,0.4484126984126984,0.1540674603174603
R1752A,intracranial,IFR1,0.18392290249433105,0.1608603697889412,0.16223544973544973
LTP093,scalp,ltpFR2,0.17563675486239347,0.1971898471898472,0.2531752969252969
LTP106,scalp,ltpFR2,0.17575295762818163,0.18039381713294755,0.20524835433926344
LTP115,scalp,ltpFR2,0.18062430829905277,0.16634167682105253,0.22392018867950544
LTP117,scalp,ltpFR2,0.17492224613198787,0.1737342640419998,0.18882081198074988
LTP122,scalp,ltpFR2,0.1750044403421129,0.13732646982646984,0.18922988534099647
LTP123,scalp,ltpFR2,0.17718298600781948,0.18864051228887044,0.2086705122574688
LTP133,scalp,ltpFR2,0.17407291763296306,0.1825668574581618,0.16156761191483412
LTP138,scalp,ltpFR2,0.17946720194235352,0.18760450231464726,0.1680685987388886
LTP187,scalp,ltpFR2,0.17132217795640337,0.14766496130132495,0.13860949644963252
LTP207,scalp,ltpFR2,0.17696654748865076,0.19703120953120956,0.2123173879992062
LTP210,scalp,ltpFR2,0.18672817897758484,0.1729602405170587,0.1792501425589661
LTP228,scalp,ltpFR2,0.18407265271922954,0.1867845117845118,0.15064102564102566
LTP229,scalp,ltpFR2,0.17184662379029358,0.17747471821256997,0.19737339380196522
LTP236,scalp,ltpFR2,0.17093029336810295,0.17851250180795633,0.1862990839127203
LTP242,scalp,ltpFR2,0.19371767484895389,0.0,0.1210064935064935
LTP246,scalp,ltpFR2,0.1759644969763218,0.15816047378547377,0.2100088994825837
LTP249,scalp,ltpFR2,0.1717177472369902,0.12936039129220947,0.17687769637769638
LTP250,scalp,ltpFR2,0.1775533897420537,0.16182713540668087,0.18648634726027977
LTP251,scalp,ltpFR2,0.17442071622574892,0.18403934957765186,0.20228323968646145
LTP258,scalp,ltpFR2,0.17790462845373578,0.1850021759545569,0.12839840200951314
LTP259,scalp,ltpFR2,0.17571115363127948,0.1986305305810529,0.19631419751308266
LTP260,scalp,ltpFR2,0.17626711423796965,0.1618165420438148,0.18262820110646197
LTP265,scalp,ltpFR2,0.1750927265845276,0.1938783649010922,0.14631203056203057
LTP269,scalp,ltpFR2,0.1787204210565255,0.17564056314056314,0.17859521034521034
LTP273,scalp,ltpFR2,0.17522197728616828,0.16666027913310522,0.17480190643822305
LTP274,scalp,ltpFR2,0.18734530225100526,0.2671885521885522,0.22230170623027762
LTP278,scalp,ltpFR2,0.174424442141434,0.18672631240813062,0.18431498495892437
LTP279,scalp,ltpFR2,0.17900008967966188,0.17194451171723898,0.1681563911677548
LTP280,scalp,ltpFR2,0.175384666835269,0.1520040775722594,0.1558707177893155
LTP281,scalp,ltpFR2,0.17152367600245927,0.15358715358715358,0.2466017316017316
LTP283,scalp,ltpFR2,0.1750101271999627,0.1825016253587682,0.15588633186459272
LTP285,scalp,ltpFR2,0.17749844608412033,0.16877588372590918,0.1680128553505177
LTP287,scalp,ltpFR2,0.18192233669432353,0.2090909090909091,0.23895573380867496
LTP290,scalp,ltpFR2,0.1761163443790176,0.09706152433425162,0.19344199571472298
LTP293,scalp,ltpFR2,0.17528800910626904,0.21757082099187364,0.17852679727679727
LTP295,scalp,ltpFR2,0.17501512756086832,0.182111853524897,0.14733921381648654
LTP296,scalp,ltpFR2,0.17719445094469521,0.16558976940376338,0.22288769814768436
LTP297,scalp,ltpFR2,0.17664657189161473,0.19185027203136223,0.18623689045790498
LTP298,scalp,ltpFR2,0.1791950289251636,0.188998963998964,0.18612517953427046
LTP299,scalp,ltpFR2,0.17757331220481837,0.16245095060884535,0.2974032302979671
LTP300,scalp,ltpFR2,0.1756469867849046,0.14395104895104896,0.17204709972567114
LTP301,scalp,ltpFR2,0.17311539723627528,0.1569486990656763,0.1901473806776837
LTP302,scalp,ltpFR2,0.1763154676130782,0.1622222222222222,0.1886574074074074
LTP303,scalp,ltpFR2,0.17593640314375,0.14927621480651784,0.17300478383467366
LTP304,scalp,ltpFR2,0.17499001315462348,0.16519941840533814,0.2060119430294002
LTP305,scalp,ltpFR2,0.1797727774376954,0.18097319347319346,0.18965180909625354
LTP306,scalp,ltpFR2,0.18124488513094833,0.21508536076717896,0.22788119288119288
LTP307,scalp,ltpFR2,0.17997709754248484,0.14959676967252725,0.12944451492070538
LTP308,scalp,ltpFR2,0.19003282851799802,0.1949915824915825,0.18706509539842875
LTP309,scalp,ltpFR2,0.16327556140640254,0.09627396413110699,0.07770007770007771
LTP310,scalp,ltpFR2,0.17629069295948796,0.18426475430098618,0.1592722369521612
LTP311,scalp,ltpFR2,0.17472574385354317,0.17503961180431768,0.1696450551212456
LTP312,scalp,ltpFR2,0.17807768026616563,0.17868395808736717,0.17141650945481174
LTP313,scalp,ltpFR2,0.1701534529599884,0.17902150759293617,0.19955077990792278
LTP314,scalp,ltpFR2,0.16829383580394994,0.18765157241347716,0.22934102934102932
LTP315,scalp,ltpFR2,0.17537164216924891,0.1961111111111111,0.20888888888888885
LTP316,scalp,ltpFR2,0.17884582453433512,0.1854257155887591,0.14438922859212713
LTP317,scalp,ltpFR2,0.17673274193075358,0.2388342037151561,0.16583126372242019
LTP318,scalp,ltpFR2,0.17301223931593587,0.18149539728732278,0.16146725628868486
LTP319,scalp,ltpFR2,0.16963031951199128,0.13435679546790658,0.13828210678210678
LTP320,scalp,ltpFR2,0.18128612927995646,0.19505772005772004,0.13270575578267887
LTP321,scalp,ltpFR2,0.17128546779411838,0.18036727822442108,0.18022299950330253
LTP322,scalp,ltpFR2,0.17401849997193078,0.19878757950038944,0.1780886965767918
LTP323,scalp,ltpFR2,0.17737527462999,0.18132371666297883,0.20187310360447006
LTP324,scalp,ltpFR2,0.17649494770192078,0.17962963943154045,0.1917149470892105
LTP325,scalp,ltpFR2,0.18010894576899195,0.16313541887405522,0.22481644898311565
LTP326,scalp,ltpFR2,0.17353078579546136,0.187820632204241,0.19565567148900478
LTP327,scalp,ltpFR2,0.17748023512683933,0.16898847127108,0.1522814188864443
LTP328,scalp,ltpFR2,0.17651043630189378,0.17560271939059818,0.16183935026326332
LTP329,scalp,ltpFR2,0.17834133724078527,0.17145691242913463,0.17042448292448292
LTP330,scalp,ltpFR2,0.17897941064336842,0.1697587726632142,0.19547599364420937
LTP331,scalp,ltpFR2,0.17397009397102084,0.16511359495064237,0.1735015268282643
LTP334,scalp,ltpFR2,0.17840013124213477,0.21613653657131918,0.16800104062604063
LTP336,scalp,ltpFR2,0.1774374242271418,0.200685945998446,0.19934228910419385
LTP337,scalp,ltpFR2,0.18177495834101004,0.09344155844155844,0.18788329725829725
LTP338,scalp,ltpFR2,0.1861224299952115,0.17057479557479557,0.1878472222222222
LTP339,scalp,ltpFR2,0.17702949514959415,0.19817472367642436,0.1931583815794342
LTP340,scalp,ltpFR2,0.17508582078506704,0.2288112607557052,0.1451708763382317
LTP341,scalp,ltpFR2,0.17554931087916953,0.2411594974690213,0.14980548174425726
LTP342,scalp,ltpFR2,0.1758152032199339,0.17267246011564194,0.17518316980438192
LTP343,scalp,ltpFR2,0.17455264388513717,0.2334386325175799,0.21741663660413663
LTP344,scalp,ltpFR2,0.17454968527875842,0.176338784672118,0.17507996632996634
LTP346,scalp,ltpFR2,0.1757358040460177,0.18223729155701943,0.22326451326451327
LTP347,scalp,ltpFR2,0.17714505822535093,0.17519447192062088,0.16633307162876698
LTP348,scalp,ltpFR2,0.17282058995405308,0.20780778686679377,0.2054694561616623
LTP349,scalp,ltpFR2,0.18005076305391657,0.20156983668888429,0.1821928172471651
LTP352,scalp,ltpFR2,0.17675407097048887,0.12698412698412698,0.0980257116620753
LTP353,scalp,ltpFR2,0.16736152718295577,0.0,0.19090909090909092
LTP354,scalp,ltpFR2,0.17452498661025365,0.1565147771100152,0.18807550241228455
LTP355,scalp,ltpFR2,0.17645482101839524,0.17073087098087097,0.1918680856180856
LTP356,scalp,ltpFR2,0.17473045091243175,0.23627514460847795,0.29806590014923345
LTP357,scalp,ltpFR2,0.1771879152511051,0.14877712234855092,0.17778986238472405
LTP358,scalp,ltpFR2,0.17796004738071117,0.16489898989898988,0.13259478286264
LTP359,scalp,ltpFR2,0.17745919823942854,0.2465623496873497,0.14088494838494836
LTP360,scalp,ltpFR2,0.17899154680446333,0.26965488215488215,0.1875
LTP361,scalp,ltpFR2,0.1726133600062435,0.19382025161787067,0.16203032200768017
LTP362,scalp,ltpFR2,0.17671754364988795,0.20546937069664342,0.2221659017311191
LTP363,scalp,ltpFR2,0.1812755636208976,0.17039377303951883,0.2639433768845534
LTP364,scalp,ltpFR2,0.17407652816279118,0.15586389232524497,0.16848441424879412
LTP365,scalp,ltpFR2,0.18390193688953851,0.17919228769936937,0.19800969644102057
LTP366,scalp,ltpFR2,0.18451663382302516,0.20511622591773587,0.2136138217659957
LTP367,scalp,ltpFR2,0.1788716485146143,0.17646684035165117,0.22046192050160301
LTP368,scalp,ltpFR2,0.17642957642957643,0.19886363636363635,0.1974707391374058
LTP369,scalp,ltpFR2,0.17693121067105613,0.1653744697714677,0.15609450582111978
LTP370,scalp,ltpFR2,0.18076530238759755,0.21827431827431829,0.13030303030303028
LTP371,scalp,ltpFR2,0.17351376731094795,0.1467942873624692,0.1362770016179107
LTP372,scalp,ltpFR2,0.175785829671051,0.18528814935064936,0.20316858355319892
LTP373,scalp,ltpFR2,0.17833673196023095,0.17617430217150246,0.22895372743198827
LTP374,scalp,ltpFR2,0.17997413533291245,0.18254432210005803,0.14372903899219688
LTP375,scalp,ltpFR2,0.177062153495947,0.21595959595959596,0.18055555555555555
LTP376,scalp,ltpFR2,0.1778299203843272,0.1664992899516709,0.21840606761659392
LTP377,scalp,ltpFR2,0.17439912823651138,0.1782632546025403,0.1639604017381795
LTP378,scalp,ltpFR2,0.1757961754863923,0.1844528530580696,0.18343679669766624
LTP379,scalp,ltpFR2,0.17561733883821823,0.12102520935854269,0.1606624988767846
LTP381,scalp,ltpFR2,0.17339373166949965,0.12190431096681097,0.22435271904021903
LTP382,scalp,ltpFR2,0.1731082902495418,0.11868686868686869,0.15473204264870932
LTP383,scalp,ltpFR2,0.1833242995580658,0.16774519672246946,0.21955266955266955
LTP384,scalp,ltpFR2,0.1772515354990327,0.20426097711812,0.1611385968528826
LTP385,scalp,ltpFR2,0.1730631981656089,0.17262238940874997,0.1763478909038578
LTP386,scalp,ltpFR2,0.18083546150734095,0.1617986114414686,0.19459594985910778
LTP387,scalp,ltpFR2,0.17685901780099283,0.16518086975902713,0.1412872777505518
LTP388,scalp,ltpFR2,0.1691752219333026,0.10902777777777778,0.08571428571428572
LTP389,scalp,ltpFR2,0.1801644858839267,0.20053223833482522,0.16393054907954543
LTP390,scalp,ltpFR2,0.18439517894954388,0.1470584263231322,0.15394372525622527
LTP391,scalp,ltpFR2,0.18106235353283207,0.1878665910808768,0.18677338864838863
LTP392,scalp,ltpFR2,0.1800610874523377,0.12934704184704185,0.16847319347319345
LTP393,scalp,ltpFR2,0.1849721581969493,0.19883664315482497,0.15939353325011146
