subject,exp_type,experiment,r_pcs_H,r_pcs_J,r_tcs,r_scs
BW001,intracranial,pyFR,0.42530067505144203,0.5353692391204112,0.01642929537272533,0.18248828362049363
BW013,intracranial,pyFR,0.30388522326082795,-0.04300232333547471,-0.10603253040443929,0.3818205196349573
BW014,intracranial,pyFR,-0.09707488299633445,-0.21570503854588732,0.0374563761070974,0.03262444195162548
BW022,intracranial,pyFR,0.3194909032295574,-0.17871400533084125,-0.07773276030403933,-0.5327320782124396
BW023,intracranial,pyFR,0.12104066794028312,0.3113984851383241,-0.024867826376104823,-0.4062904377013688
BW024,intracranial,pyFR,0.2482255219946744,0.3516311859987774,0.08698198830292404,-0.05686224999317352
BW025,intracranial,pyFR,0.23254809658754347,-0.07704840032869024,0.0067391705169456695,-0.6605741669239893
CH003,intracranial,pyFR,0.07093604402163414,-0.20161968237990555,0.06997245602865301,0.7392613329517375
CH005,intracranial,pyFR,0.42081682779817176,0.015484706288498483,-0.017097436724573145,-0.5821630131821413
CH008b,intracranial,pyFR,0.19036725862578682,0.05429522640378276,-0.25900723303125145,0.14656434808880925
CH012,intracranial,pyFR,-0.029679461863032042,-0.17348504634039874,-0.06808313474588493,-0.24821497130784542
CH013,intracranial,pyFR,0.21135241570053465,0.2693659532920102,-0.13654395920853868,0.20513109173750693
CH018,intracranial,pyFR,-0.04964195794826916,-0.07602912481897302,-0.23999512787368804,-0.06783870908951603
CH040,intracranial,pyFR,0.369246086446588,-0.27804002042102677,0.14511184701702037,-0.1435798012966431
CH042,intracranial,pyFR,-0.26198007883323354,-0.054077057888723676,0.06790503532953451,0.3616581734747498
CH046,intracranial,pyFR,-0.03689702010350304,-0.11669901086781123,0.4067374077746689,-0.3818837859975545
CH048,intracranial,pyFR,0.13131351135638575,0.14163266590724494,0.021305229088124912,-0.22600031848080793
CH058,intracranial,pyFR,0.05247835002548186,-0.173916307065429,0.04295452364093857,-0.2648106639005018
CH061,intracranial,pyFR,0.3412555516790408,0.2526337030126788,0.3501492821233465,-0.03757262735517175
CH065,intracranial,pyFR,0.48669824222581703,0.5947654299532347,0.5846356697024572,-0.40860718502819027
CH066,intracranial,pyFR,0.3032229593405475,-0.06569003134727736,0.40588614375515153,0.20921666319745874
CH067,intracranial,pyFR,0.08025218839624221,0.19465377696159536,0.28191883828431097,0.18590270827774596
CH068,intracranial,pyFR,-0.05357971366654615,-0.16608300728487843,-0.00888908487087002,0.15146807060861395
CP001,intracranial,pyFR,0.31076429224429886,-0.2197574306152058,0.5158357723860879,-0.3047285048524185
LTP093,scalp,ltpFR2,0.02535863104681422,-0.0009910793293016848,-0.09150168722432621,0.04023939196908024
LTP106,scalp,ltpFR2,0.05198139933742025,0.029491827973077662,-0.11417703611628868,0.07875289660947393
LTP115,scalp,ltpFR2,-0.029398776327439452,-0.05336063417295454,0.11967982314626108,0.0636903092161131
LTP117,scalp,ltpFR2,0.012584326746513119,0.06491387668696003,0.14364290035378344,-0.0011252481999818827
LTP122,scalp,ltpFR2,-0.08086554133928578,-0.021648443539727058,-0.061159649882043456,0.03391740314950152
LTP123,scalp,ltpFR2,-0.03801195788382803,-0.0027628018571342837,0.06900347132049317,-0.02237212544733147
LTP133,scalp,ltpFR2,-0.01992822268052631,-0.07290857004812028,0.0787757348065015,0.0639794971558946
LTP138,scalp,ltpFR2,-0.004639643698135977,-0.08923622494560637,0.028109382354420547,0.06282962184044451
LTP187,scalp,ltpFR2,0.027128410998921115,-0.04460216761650008,-0.12956812263531955,0.06500527286507897
LTP207,scalp,ltpFR2,-0.02450744391394552,-0.030887242351590044,0.06809266069795786,0.07572757918054168
LTP210,scalp,ltpFR2,0.017720045192301387,-0.015027147117895318,-0.03058331781203393,0.0069746727082276245
LTP228,scalp,ltpFR2,0.04908561882778893,0.048761171375672,0.04065400511696053,0.0733427445492736
LTP229,scalp,ltpFR2,0.026501335399457603,0.09330031038983731,0.030669599939538845,-0.042713399866386156
LTP236,scalp,ltpFR2,0.027355496287799465,0.08853084101165029,-0.11940190589039842,0.065462448103424
LTP242,scalp,ltpFR2,0.30965125387662834,0.4184027952347281,-0.13874017102708613,-0.10513955999296573
LTP246,scalp,ltpFR2,-0.03125728694391032,0.03960802751948463,0.329067063276332,0.04029049955912032
LTP249,scalp,ltpFR2,0.13325666346012496,0.049420354567509664,0.03489368491153502,-0.057817800846989786
LTP250,scalp,ltpFR2,0.02870573448543605,0.03241138190130704,-0.20394877812766055,0.034816481552980914
LTP251,scalp,ltpFR2,0.08712266919205887,0.05445171662606911,-0.10383828928868706,0.09145332428247456
LTP258,scalp,ltpFR2,-0.01776321237874237,-0.022992241339352393,0.24127235550850223,-0.00489163197192143
LTP259,scalp,ltpFR2,0.13317237862530823,0.046311313965674075,-0.011389142441116927,0.006224842279678016
LTP260,scalp,ltpFR2,-0.0461080297931955,-0.06104424209943188,-0.08612119582394383,-0.04754210959754215
LTP265,scalp,ltpFR2,-0.036341035391385064,0.09603238720366099,0.25597970994034897,-0.021908128939503065
LTP269,scalp,ltpFR2,-0.05184552441725001,-0.026237012522574082,0.09248174840047053,-0.002338112135965474
LTP273,scalp,ltpFR2,0.11139427777071473,0.11385733035603782,0.1273790711439163,-5.969677919572403e-05
LTP274,scalp,ltpFR2,-0.07389910638366472,0.04884726167828824,-0.030631640970986834,-0.05755583349833082
LTP278,scalp,ltpFR2,0.016931028132098704,0.05791899121531741,0.030578962183860633,-0.04290714111873094
LTP279,scalp,ltpFR2,0.018287735276443708,-0.0011105067364051075,-0.009464351466308122,-0.026384879725271888
LTP280,scalp,ltpFR2,0.04287111833373704,0.07108056017818014,-0.19816492428847965,-0.01914115007537149
LTP281,scalp,ltpFR2,0.19519693297732685,0.13323718106035579,0.055206105356457105,-0.18308201902217622
LTP283,scalp,ltpFR2,-0.08508313444545257,-0.15486104086222852,-0.026108306172433635,0.04306205222912822
LTP285,scalp,ltpFR2,-0.005635510105509053,0.0007413238561972507,-0.05954145613049899,0.015287861473972318
LTP287,scalp,ltpFR2,0.020433415031391556,0.01640215459242663,0.007684577451753658,0.08713285634649966
LTP290,scalp,ltpFR2,-0.1006599188096468,-0.03318324420765843,0.06850262357415624,-0.061079517614401835
LTP293,scalp,ltpFR2,-0.01555646039355568,0.04443195731743647,0.06580439460551542,0.025529556974554033
LTP295,scalp,ltpFR2,0.03350117406961949,0.09159152292916303,0.014484803019120153,0.05403460748449526
LTP296,scalp,ltpFR2,0.045024703571312726,0.04405001290378626,0.05017166264249706,0.028386567543786944
LTP297,scalp,ltpFR2,0.01215749159933654,-0.016763082872526296,0.17655748824320372,0.07036825918417156
LTP298,scalp,ltpFR2,-0.0131029754764142,-0.02459764134221178,0.4405599647643575,-0.15718248577948482
LTP299,scalp,ltpFR2,-0.014458628549058234,0.020457156419570594,0.04993290193409265,0.08344730761156392
LTP300,scalp,ltpFR2,0.1356107209138089,0.06644415264385953,0.28818557514312837,0.007244470982806922
LTP301,scalp,ltpFR2,0.04850489717901405,0.022448193495109563,0.1263149121242108,0.006951113315703996
LTP302,scalp,ltpFR2,-0.07055140419238376,-0.08580284302349256,-0.0218018207304299,0.06447140961750389
LTP303,scalp,ltpFR2,0.01133609658564826,-0.04877691290775621,0.4588250832785443,-0.08494490040942396
LTP304,scalp,ltpFR2,0.09829612231546898,0.093399109369569,0.14508581769840384,0.10053796437896524
LTP305,scalp,ltpFR2,0.03163219279066926,-0.004138209760561969,-0.23065783568176598,0.16765632060007968
LTP306,scalp,ltpFR2,0.029387300868345546,-0.04809033373139074,0.1659765171118328,-0.002546208986811113
LTP307,scalp,ltpFR2,0.07410965252329306,-0.028505202373905084,0.10236997901501264,0.0487673146647056
LTP308,scalp,ltpFR2,-0.09811689872933392,-0.27119282540703965,0.05767496467782302,0.11120595601819849
LTP309,scalp,ltpFR2,0.1036347008391015,0.26907008175198915,0.004461076450367932,0.032226786867732234
LTP310,scalp,ltpFR2,0.1482885486841594,0.02948116638867899,0.08753158167646738,-0.010348138624784571
LTP311,scalp,ltpFR2,-0.09554443502234092,-0.10619728019087546,0.29846750754631735,-0.0389607747899857
LTP312,scalp,ltpFR2,0.0038986291412709574,0.1181107209862559,0.2296029123584109,0.062331760234720965
LTP313,scalp,ltpFR2,-0.13162460947263574,-0.051355744543945855,0.2016627890550889,-0.0480389215278526
LTP314,scalp,ltpFR2,0.02707890712983388,0.10233484454265768,0.14364072416133916,-0.0010125597132320712
LTP315,scalp,ltpFR2,-0.025183233603818644,0.022505643449734877,0.037361350190091576,0.13015829289164416
LTP316,scalp,ltpFR2,-0.08198793252297021,0.0005122993567628573,0.17238299726871845,0.060165901492047424
LTP317,scalp,ltpFR2,0.004831122074709522,0.04394135525463858,-0.011416613072191021,0.032630560497537264
LTP318,scalp,ltpFR2,-0.05217843573202499,-0.0237873688919613,0.05077894148063591,0.02639470047566355
LTP319,scalp,ltpFR2,0.17885375738974077,0.09694712688703615,-0.13588370548657752,-0.0002433610687085803
LTP320,scalp,ltpFR2,0.30577209198741456,0.14640386253543664,0.14100378857081228,-0.11341479938267662
LTP321,scalp,ltpFR2,0.026591554755300645,0.04438230405065209,0.02893691234840634,0.10550413641318261
LTP322,scalp,ltpFR2,-0.005262676890311072,-0.037769060048782194,0.061890498644488944,-0.06558841355946313
LTP323,scalp,ltpFR2,-0.006043740525736239,0.0490383149518723,-0.03649479701747789,0.040740790093691526
LTP324,scalp,ltpFR2,-0.006038841120357787,0.05775120827217337,0.3180488016823928,-0.021205324982024366
LTP325,scalp,ltpFR2,0.005876792260859962,0.0051697663732994574,0.04731043904767238,-0.0394599854578922
LTP326,scalp,ltpFR2,0.08989735051616077,0.10034328402824863,0.10861165245136983,0.18297696495417776
LTP327,scalp,ltpFR2,-0.0026763053953967964,-0.020191823091366714,-0.068512708651734,-0.08060460426472875
LTP328,scalp,ltpFR2,0.0544960842159721,0.006178298958575521,0.14804029321305937,0.03592044176367249
LTP329,scalp,ltpFR2,-0.058320981156704796,-0.055400388234784465,0.07406104532436361,0.0681532767310891
LTP330,scalp,ltpFR2,0.008895312786176876,-0.046749141718032815,0.04769250248765102,0.0701042380975956
LTP331,scalp,ltpFR2,0.12653491481997256,0.12534013356943807,0.30015676183521317,0.04008485755549618
LTP334,scalp,ltpFR2,0.05125472188447803,0.0511139143348155,0.00404630111137451,0.022227278206768307
LTP336,scalp,ltpFR2,-0.03560576999738159,0.06506645136034046,0.050424310236108674,0.011776902143562617
LTP337,scalp,ltpFR2,0.1884102741516741,-0.07673854021937265,0.3152242336661035,0.0464027122462308
LTP338,scalp,ltpFR2,0.03221031894018889,0.033925834063483165,0.11876647339113917,-0.04652045022504774
LTP339,scalp,ltpFR2,0.042757328821853256,0.04491976320621093,0.04479625359225063,-0.03944429906562165
LTP340,scalp,ltpFR2,0.055984140043878965,0.04024315490642704,-0.12503736392984036,-0.02133770010381315
LTP341,scalp,ltpFR2,-0.004798354911778179,0.00932960355826172,0.08074533300201957,-0.03708491070607539
LTP342,scalp,ltpFR2,-0.042655744154825814,-0.04637408041848684,0.31806714973166367,-0.08644114248278248
LTP343,scalp,ltpFR2,0.02744844689235495,0.031600747979050554,-0.17840021848260323,0.024955291363405536
LTP344,scalp,ltpFR2,0.02497493159532509,0.06144257738707577,0.07303798727423931,0.05718117008974777
LTP346,scalp,ltpFR2,0.019706614010472655,0.058471962343505185,0.21848210752845382,0.059169048855215074
LTP347,scalp,ltpFR2,-0.0033716808114893277,-0.04295686562674206,0.24607768356997864,0.08815092235890355
LTP348,scalp,ltpFR2,0.03335042992155566,-0.012638957005357073,0.1169880097418644,0.013410538928096405
LTP349,scalp,ltpFR2,0.019428269665083594,0.02059765865823567,-0.09247658552516283,0.03998538581446796
LTP352,scalp,ltpFR2,-0.25063550974072435,-0.2805910260094838,0.1442647920667942,0.2631290260873143
LTP353,scalp,ltpFR2,0.07979091871076813,-0.2337492441432892,-0.11075280691874959,-0.02506222177343121
LTP354,scalp,ltpFR2,-0.01676560066445148,0.005647205906018151,0.10618420651532645,-0.04279918114828938
LTP355,scalp,ltpFR2,-0.04543090544482871,-0.039349683838953535,0.1434941772456608,0.06937100337082094
LTP356,scalp,ltpFR2,-0.011547871918948974,-0.06034489857384612,0.46656153883880497,-0.0017026397275099108
LTP357,scalp,ltpFR2,-0.030664556650566645,-0.0010946901562672066,0.09947568343658221,0.030908114074455546
LTP358,scalp,ltpFR2,0.1519232921553852,0.05611353414398725,0.0071860573490221446,0.1632278477793161
LTP359,scalp,ltpFR2,0.07409763532136242,0.2411551962111771,0.15198687873445896,0.1244947015746889
LTP360,scalp,ltpFR2,0.0037624680291064353,0.011519715171737277,-0.14042884752854692,0.0001843972006017904
LTP361,scalp,ltpFR2,0.04623977400482926,0.11796750473657723,-0.002853174025292507,0.045058737064266635
LTP362,scalp,ltpFR2,0.08248028377710932,0.00012638177609917194,-0.0785398898480397,0.02378149696592471
LTP363,scalp,ltpFR2,0.02628335548748103,-0.07291289133034441,0.11065517062198693,0.16694073613527496
LTP364,scalp,ltpFR2,0.012685922145796329,-0.0398621414178659,0.32813638902280595,-0.04584359507892182
LTP365,scalp,ltpFR2,0.058890190029843345,0.039490975419006924,-0.01799654136819512,0.13734603932372147
LTP366,scalp,ltpFR2,0.12574309592379576,0.0909192125686408,0.1656604750287063,0.04770288089426845
LTP367,scalp,ltpFR2,-0.026634235733867802,0.05464852776053537,0.3087899821616266,-0.05339939430261132
LTP368,scalp,ltpFR2,0.33874444046102453,0.40567683894336953,-0.0761701849790705,0.030954468185134927
LTP369,scalp,ltpFR2,-0.024952017829278493,-0.051156457480218354,0.2237984210125818,-0.020263389821178198
LTP370,scalp,ltpFR2,-0.1534974515921302,0.13174295453986343,-0.03891404533225384,-0.0473791364217418
LTP371,scalp,ltpFR2,0.035199452162364364,0.026072482769585265,0.2610789513054682,-0.02463130561494483
LTP372,scalp,ltpFR2,-0.02151928920930588,0.07522242277355592,0.25656363855545994,0.03863431808579026
LTP373,scalp,ltpFR2,0.0074922280752588435,-0.019326858053170092,-0.033555298639749105,0.0808958883110178
LTP374,scalp,ltpFR2,0.1075725257544912,0.06294638353496325,-0.03322794220631985,0.13058997327105265
LTP375,scalp,ltpFR2,-0.24037459468849282,0.15308190961739768,0.21398601854034252,-0.16361771402873612
LTP376,scalp,ltpFR2,0.018876175401618428,0.06747082057506905,-0.11019814877054697,0.1203995583249915
LTP377,scalp,ltpFR2,-0.05912772467841656,0.11892109862219694,0.068316710992882,0.08865114751422147
LTP378,scalp,ltpFR2,0.0043750947849932826,0.0865529191475213,0.10320700671364402,-0.05797432825069982
LTP379,scalp,ltpFR2,-0.003367452555933257,-0.02693021169627461,0.3882332528658985,0.016413094259408127
LTP381,scalp,ltpFR2,0.29940739832314367,0.2956846309448284,0.0013364428138982962,0.3648522934850892
LTP382,scalp,ltpFR2,-0.16109764866748044,-0.16391739025247035,0.031157683042809164,-0.005973065016935772
LTP383,scalp,ltpFR2,0.14539641060870467,0.15255247764639546,-0.07852181633326537,0.21549314544238063
LTP384,scalp,ltpFR2,-0.05245826703021176,0.09233168973690269,0.06846421021084091,-0.14947539979653657
LTP385,scalp,ltpFR2,-0.021393689751918032,0.02358465845987793,0.018165553128405384,0.018270982422497226
LTP386,scalp,ltpFR2,0.13497248986079813,-0.039312315500615924,-0.060351038336166854,-0.04553806719711193
LTP387,scalp,ltpFR2,0.017073201311609047,0.017647705255218925,-0.05324199360693263,0.06255198634305023
LTP388,scalp,ltpFR2,-0.03788058508746767,0.22747798648486972,0.23783311201410087,0.32376670798029417
LTP389,scalp,ltpFR2,-0.02585977365894078,-0.05224986239609225,0.026738991366993908,0.13145807280744776
LTP390,scalp,ltpFR2,0.041023749837127914,0.09534535163872732,-0.09628020695227066,0.07816408405112098
LTP391,scalp,ltpFR2,0.03571126138339141,0.10112986696497601,0.09622751242555311,0.08219877102541545
LTP392,scalp,ltpFR2,-0.11302036473251617,0.08576101538129087,0.08002596358517715,0.10882124095754285
LTP393,scalp,ltpFR2,-0.048639775010581324,-0.034734209118377206,-0.09455980445632456,0.032460694235840776
R1001P,intracranial,FR1,-0.1754435741432696,-0.4700132628749095,0.04425912485488363,0.07392350001226151
R1002P,intracranial,FR1,-0.14455602264719566,-0.1306006443448535,-0.3251493361089459,-0.09342727812698381
R1003P,intracranial,FR1,0.2794387880180887,0.06663004461715752,-0.21249342441636102,0.031645027587094914
R1006P,intracranial,FR1,-0.008661727755471388,0.3416113483076388,-0.5039617161239062,0.13794552968640503
R1010J,intracranial,FR1,-0.22576991303026242,-0.04742707527524998,0.10888892489748253,0.20392893837663711
R1018P,intracranial,FR1,0.17147575028366843,0.18580957763633726,-0.18083518264801363,-0.10149980887818633
R1020J,intracranial,FR1,0.10916745078374179,0.15175560293554125,-0.29147743434100715,-0.17047942262913254
R1022J,intracranial,FR1,-0.15628643971870051,-0.001408959679075044,-0.4995099777310972,-0.18949078366020855
R1023J,intracranial,FR1,-0.1124936010922566,0.29809675811683306,-0.1801674450095969,-0.292944596574071
R1026D,intracranial,FR1,0.19552659382348597,-0.0440915669195744,-0.1423246019858378,-0.08698355011588464
R1027J,intracranial,FR1,-0.5776455456895775,0.10615847957074234,0.48598934552253226,0.4933548049564932
R1030J,intracranial,FR1,0.24831238636234151,-0.054743679318092126,-0.21046771521292934,-0.34400291276768846
R1031M,intracranial,FR1,-0.2666864266502571,-0.11384305212572728,-0.2846415817746422,-0.12822811751153917
R1032D,intracranial,FR1,0.39411289845215014,-0.03783959866665913,-0.31567513615411114,-0.37590004530003135
R1033D,intracranial,FR1,-0.6877654509207487,-0.37797011350942983,0.08905255079178907,-0.44237282024046926
R1034D,intracranial,FR1,0.02597487322991765,-0.7799625977862578,-0.05859773094019819,-0.0665524610492289
R1035M,intracranial,FR1,0.04779950543232697,0.10648930142445219,0.04250576329575592,0.09365641932565343
R1036M,intracranial,FR1,-0.20542789906483153,0.0459969813821168,0.16387737861636092,-0.044984633629377525
R1042M,intracranial,FR1,0.31302511174666164,0.10587198751039312,0.16131192334899963,0.25045275088099944
R1044J,intracranial,FR1,0.9139448327887617,-0.13123605044231113,0.10050378152592176,-0.5054378647270937
R1045E,intracranial,FR1,0.40590084151117417,-0.19462629283998475,0.12315258732684418,0.24549748335542634
R1048E,intracranial,FR1,-0.2826669775581326,0.07379442629550649,0.14709094031624395,0.23985164171105922
R1049J,intracranial,FR1,1.0,-1.0,-1.0,-1.0
R1050M,intracranial,FR1,-0.26606932477403716,-0.22422001185567644,0.4559482057106714,0.08942401211027655
R1051J,intracranial,FR1,-0.1920001850457047,-0.027293671643132178,-0.07737210248760262,-0.10500593944399789
R1052E,intracranial,FR1,-0.11146955210116945,-0.03785312612271495,-0.07175318550593741,0.008517957125255882
R1053M,intracranial,FR1,0.034629395842289495,-0.9449482227308624,0.5151019774964742,-0.09036604605627782
R1054J,intracranial,FR1,0.2424244482468974,0.0954087951862571,-0.1497100604851938,0.060767542001519265
R1056M,intracranial,FR1,0.1314129621454868,0.4761152309635258,0.11717970527488494,-0.5005232355160665
R1057E,intracranial,FR1,-0.23507107454525555,-0.11147654827008978,0.3087084960041365,0.3123574772984983
R1059J,intracranial,FR1,-0.38886787087328156,0.6665493145424456,-0.3370662158124097,-0.707942604671831
R1060M,intracranial,FR1,0.013124282083012064,0.12213388465360503,0.11977801172192515,0.11552575061829481
R1061T,intracranial,FR1,0.10039401538874504,0.28834807528958173,0.08447695008217715,-0.07242418727283491
R1062J,intracranial,FR1,-0.12505782491939144,-0.0023433766965363922,-0.7743682146510112,-0.7193317444742539
R1063C,intracranial,FR1,-0.2561476571272533,-0.23520383855237798,0.15115019822872655,0.230196229850106
R1065J,intracranial,FR1,0.013338701206775258,-0.01999503373211503,-0.018485525556767735,0.028883520902846325
R1066P,intracranial,FR1,0.09168276493952716,0.297160000473452,-0.1397900212572614,0.0193233743750924
R1067P,intracranial,FR1,0.46722024508511684,0.42725042623664616,-0.2036922058275862,0.17787308953049422
R1068J,intracranial,FR1,0.39424492702144825,0.10299860495127185,0.13389360009646256,-0.05769914110748964
R1069M,intracranial,FR1,-0.20754951517159875,-0.11242572393474712,-0.14293225244581434,-0.46468188516151465
R1074M,intracranial,FR1,0.007170732594211346,-0.07943815403713479,0.14546696325159153,0.07625095208955204
R1075J,intracranial,FR1,0.057500982946607854,0.35690852399321377,0.1779575323612161,0.4397261627093352
R1076D,intracranial,FR1,0.06003423096826306,0.1303453833498755,0.05094565987678337,0.12191231367091165
R1077T,intracranial,FR1,0.017071312847929412,-0.09629926181363764,0.28570082027245447,-0.25366628261686075
R1080E,intracranial,FR1,-0.24848079274287596,-0.1485428015408245,-0.1768198718490373,0.053240377533226094
R1081J,intracranial,FR1,0.19759627453141684,-0.5106669182150689,0.7706787203675632,0.07232468231495381
R1083J,intracranial,FR1,-0.16788766586520856,-0.035541307930469,-0.4275251159638561,-0.23675158708370547
R1084T,intracranial,FR1,-0.21042650092061105,0.11937475757334681,0.1788504037860711,-0.3067329738531039
R1086M,intracranial,FR1,0.38465555633827736,0.27889711687666,0.10788135753172406,-0.04030159240913929
R1089P,intracranial,FR1,-0.20352333625489027,-0.06856294081105677,0.11113684968625645,-0.7366599923505037
R1092J,intracranial,FR1,-0.12729779382207346,-0.17591553267292734,-0.18242480112550963,-0.2320028044445683
R1093J,intracranial,FR1,0.1659284713238588,0.09940504240398347,-0.04690548999736501,-0.20396823230139927
R1096E,intracranial,FR1,0.07123872533797537,-0.20585350337261293,-0.5363726990242017,0.3695049452671883
R1098D,intracranial,FR1,-0.006616427450837302,-0.11083337910709934,-0.09828856677252591,0.042716224519743724
R1100D,intracranial,FR1,1.0,1.0,-1.0,1.0
R1101T,intracranial,FR1,0.004990293872614224,0.12381501188868438,0.20882478113953584,0.4405602333261481
R1102P,intracranial,FR1,0.0004097259532203634,0.30407369025381326,0.25566023661974874,-0.45648876084699047
R1104D,intracranial,FR1,-0.108793490606309,0.3365956822781053,0.530477095853645,0.05786912108439856
R1105E,intracranial,FR1,-0.12065304897938642,0.25290750037376775,-0.4337130506376253,0.22472835901474378
R1106M,intracranial,FR1,0.16999961664500385,-0.29093399046991153,0.194203888217209,-0.14863705485570838
R1108J,intracranial,FR1,-0.1215303972002057,-0.06342178788505648,0.34549713780756264,0.1135777184487882
R1111M,intracranial,FR1,-0.11584377840340951,0.044274257770155104,-0.07601196423625446,0.291328648438051
R1112M,intracranial,FR1,-0.11413567902472926,0.17535042216815572,0.5272170148449269,-0.10472384727152362
R1113T,intracranial,FR1,-0.14478024607972254,-0.04786170845578155,-0.09180464733859149,0.19450141272826227
R1114C,intracranial,FR1,0.23667270846511912,-0.47750105027710776,0.03969650608885716,0.22738134083301298
R1115T,intracranial,FR1,-0.3652476706485985,-0.1349429184770494,-0.4531539455309798,0.05674760553829357
R1118N,intracranial,FR1,0.054566545945925915,-0.11470065203273219,0.15326612561352307,-0.5107303287483169
R1120E,intracranial,FR1,-0.22656682107558854,0.0036172759562763668,-0.34067282994454556,0.08213511950529634
R1121M,intracranial,FR1,0.3253650252687681,0.16399316985996062,-0.14647553494014684,-0.32879359759707283
R1122E,intracranial,FR1,0.13255197791171408,0.016172939107253613,-0.08459241425854987,-6.998060207999424e-05
R1123C,intracranial,FR1,0.14037249127513254,0.2530592020778712,-0.2572442679914531,-0.06399317051250696
R1124J,intracranial,FR1,-0.11899367866842443,0.05329699282617486,0.18909962099520863,-0.04299357719722686
R1125T,intracranial,FR1,0.06086012727423031,0.18885085779133312,-0.19747081218779783,0.21890579143971575
R1127P,intracranial,FR1,-0.002406979970230476,-0.06655256167475894,0.5282241962653271,0.3562499326235537
R1128E,intracranial,FR1,0.465418657167638,0.5860527761097168,-0.03789609174528652,-0.28464757583048395
R1129D,intracranial,FR1,-0.5624947813602795,-0.5138764584367893,0.17321148162776956,-0.3955821893771718
R1130M,intracranial,FR1,-0.2652863826124487,-0.14642096711345107,-0.22271944230729968,-0.05104714123755287
R1131M,intracranial,FR1,-0.24004230172480698,-0.23495507790358441,0.017339741339484627,0.19728768835485788
R1135E,intracranial,FR1,0.07584589335547666,-0.0954732097296422,-0.06880022113372776,-0.11669310184342518
R1136N,intracranial,FR1,-0.02444538947080845,0.058483030923225446,-0.19388229681925148,0.06942877203141071
R1137E,intracranial,FR1,0.35285602341752237,0.3984978522552034,-0.08776184358226842,-0.015249406594396825
R1138T,intracranial,FR1,0.34139388579679864,0.1599132265258216,0.059517547252272804,-0.21960987070514099
R1142N,intracranial,FR1,0.5601674123369561,0.5146212919623346,0.006014995428977404,-0.2136273184011092
R1145J,intracranial,FR1,-0.06446396391064028,-0.2978141110845086,0.06943522586584072,0.2712491856358842
R1146E,intracranial,FR1,0.21937514356354215,0.011406670685055903,0.06878023594101107,0.4214907688682868
R1147P,intracranial,FR1,0.3012838550749237,0.5149166047185614,0.00872212819733755,-0.5945068315793175
R1148P,intracranial,FR1,-0.26182168391538374,-0.31914244962640653,0.053627094881904896,-0.09005087588976166
R1149N,intracranial,FR1,-0.2390281766343854,0.11404713799415353,0.5059845896500355,0.33578145201644877
R1150J,intracranial,FR1,-0.1122622596019809,-0.012181136417120111,0.18964406604016187,-0.25070549861151054
R1151E,intracranial,FR1,0.30310354724340316,0.2569714307553999,0.3259894844333659,0.10667280665177925
R1153T,intracranial,FR1,-0.07848293679104572,-0.5264715411320978,0.06714834136716798,0.21705024090857453
R1154D,intracranial,FR1,0.07488644323411071,0.27587668505342405,0.25195654216557667,-0.08900238084873117
R1155D,intracranial,FR1,0.002673327740485884,0.3711880283351263,-0.3294057680567658,0.07893101187714496
R1156D,intracranial,FR1,0.1061886808180775,-0.15868842577762796,-0.007572701051574468,0.05683843816794107
R1158T,intracranial,FR1,0.19683894169430927,0.08594717781863181,-0.20393249903317048,-0.2078676806340544
R1159P,intracranial,FR1,0.1392731419266631,-0.03577224793513088,-0.5325702111362689,0.17590131612894905
R1161E,intracranial,FR1,0.03895067053249454,-0.2144635572511858,0.1204053090821176,-0.1327413518577939
R1162N,intracranial,FR1,0.17549370321684568,0.27008161010320425,0.38989996153090634,-0.08127794085460638
R1163T,intracranial,FR1,0.015152205429169341,0.42224656435501856,0.2700987918237042,0.0716991520975724
R1164E,intracranial,FR1,-0.18851233812635534,-0.33906735516925923,0.008878048443986736,-0.15519825509339175
R1166D,intracranial,FR1,0.020434438240735514,-0.16202028055501191,-0.23441627563417908,0.053012659003351836
R1167M,intracranial,FR1,0.30640979459418793,-0.012485749539208758,0.3568320977071683,0.10908190135170004
R1168T,intracranial,FR1,-0.05903172377764707,0.1136945240792827,0.06978897267502972,0.08477346710208362
R1169P,intracranial,FR1,-0.2580345011093066,-0.17131839101347263,-0.15392343684294438,0.12523258764957745
R1170J,intracranial,FR1,0.4587453567213983,-0.11799611575714235,0.253224976757426,0.10481737242531992
R1171M,intracranial,FR1,-0.21447821736679024,-0.16379065382505706,0.1944454054112481,-0.25162805806733
R1172E,intracranial,FR1,-0.3676551351911182,-0.05416914568804537,-0.10542375265891081,-0.07809382233019387
R1173J,intracranial,FR1,-0.15004127989268726,-0.16464606049674216,-0.2760537211101869,-0.17878579969617908
R1174T,intracranial,FR1,0.1069849780866311,-0.007754442825497754,0.17102409347581338,0.14373613793119921
R1175N,intracranial,FR1,0.18104225905075175,0.20572968955299653,-0.3227838270603821,-0.1813881053754284
R1176M,intracranial,FR1,0.12102061940161235,-0.0407043001692182,-0.2268349671441299,-0.30575537802347513
R1177M,intracranial,FR1,0.21507344022472255,0.4830412266053604,-0.21126738904785458,-0.09282174046237218
R1178P,intracranial,FR1,0.7942144053251685,0.7928853090897034,-0.47541963622733385,-0.27004879051898933
R1184M,intracranial,FR1,0.6820762016165404,0.03292147952930555,-0.2622979335934763,0.35196667743234605
R1185N,intracranial,FR1,-0.10528681840945942,-0.4575999810661404,0.7040808341106584,0.3513095800453543
R1187P,intracranial,FR1,-0.4646149476770369,-0.19542605954485467,0.05412314223099463,-0.2756260372126873
R1189M,intracranial,FR1,0.10877311034121906,0.002971397623014386,-0.1261680538466144,0.06284577777101691
R1191J,intracranial,FR1,0.3357048901195098,0.12415761884701848,0.004153569768302205,0.2611369172153463
R1193T,intracranial,FR1,-0.4166047485388014,-0.32228449020959293,0.26236796520294675,0.28147424917278724
R1195E,intracranial,FR1,0.030231877140685315,0.07398418453181704,-0.3896540766962255,0.041033739086277166
R1196N,intracranial,FR1,0.006010584463338253,0.10669257300980578,-0.11912003264710644,-0.22831362135991665
R1198M,intracranial,FR1,0.5103600727361377,0.5136000092275137,0.42475789333458464,-0.2975351631484276
R1200T,intracranial,FR1,0.09755966179145914,0.17183418639614548,-0.21461304856513932,-0.0404323360810291
R1201P,intracranial,FR1,0.07184603908085499,-0.27214186958517006,0.14882652862112608,-0.18125347919341905
R1202M,intracranial,FR1,-0.2151064477782302,-0.21200515777236115,0.0810382140047585,-0.2230338536358527
R1203T,intracranial,FR1,0.5938794054997967,0.3479476430688966,-0.16969484928748446,0.3711788899821546
R1204T,intracranial,FR1,-0.3658745745015659,-0.41377895602178794,-0.024689064178161066,-0.024958941461486743
R1207J,intracranial,FR1,0.11112195176597996,0.25763147658167707,0.21873984883861297,-0.16648231349592021
R1212P,intracranial,FR1,0.28733867253465106,0.3124359434264111,0.17992936609684113,0.14702601502169327
R1214M,intracranial,FR1,-0.3251163154149883,-0.04600131076421221,0.20074240538932475,0.4328642827955227
R1215M,intracranial,FR1,0.2834082446263963,0.3159232186571103,-0.0500479455284061,0.30952111244870606
R1216E,intracranial,FR1,0.08452843568034134,0.08496020280958033,-0.026302542675379004,-0.05888784916146921
R1217T,intracranial,FR1,-0.026419381247866042,0.004811479172622379,-0.0059351327699649166,-0.0478141316398157
R1221P,intracranial,FR1,-0.03612538222316475,0.03026867719910617,0.19777509226097303,0.18566418312888042
R1222M,intracranial,FR1,0.1511240165789027,0.17970316018733587,0.18463206138340227,0.008873798614435416
R1223E,intracranial,FR1,0.2707499035948602,0.06233141200301545,0.08678786126059435,-0.20212579555462382
R1226D,intracranial,FR1,-0.09496620552508644,-0.014168047598861075,-0.23439927490111923,-0.11847434128277903
R1228M,intracranial,FR1,-0.09644993378732594,-0.08760777399506137,-0.15685514929696145,-0.1534559129541698
R1229M,intracranial,FR1,0.22657968634429726,0.31591208441102947,-0.02105658009859193,-0.3702743815848125
R1230J,intracranial,FR1,-0.014437136057643876,0.014349921632523141,0.201002003849514,-0.07982565268753847
R1231M,intracranial,FR1,-0.1703976071577928,-0.36479071632007987,-0.048143993565596635,-0.3094416259898485
R1232N,intracranial,FR1,0.036063710701076994,-0.25451083753794895,-0.2228622666449893,0.0747365950976467
R1234D,intracranial,FR1,-0.12346373555236397,0.349934945117713,0.2885238017345455,-0.011513236281890493
R1236J,intracranial,FR1,-0.1629551463643107,-0.2414994884465692,0.03384196815205153,-0.22885083494011782
R1240T,intracranial,FR1,0.039442889369314726,0.2795676369508024,0.07427898675902567,-0.37987943522157064
R1241J,intracranial,FR1,0.039652579285907125,-0.17100972662582528,0.408248290463863,-0.15882604353757157
R1243T,intracranial,FR1,-0.1302980956641671,-0.1123751140353175,-0.02382425304434191,0.05541633183865275
R1247P,intracranial,FR1,-0.3180388836514299,-0.38288184460243324,-0.45924702610369267,0.25613898673951907
R1250N,intracranial,FR1,0.25467817969571993,0.25343964243133654,-0.20370492330124396,-0.14274785904134102
R1251M,intracranial,FR1,-0.1347671093612125,-0.257786805943958,-0.23506398689203717,0.40884051191361503
R1260D,intracranial,FR1,0.3014474435937358,0.5830207442169687,0.00964051986133142,-0.15646855263424533
R1264P,intracranial,FR1,-0.3245959114952094,-0.4340160208761635,-0.0735008549600912,0.19186788947474498
R1268T,intracranial,FR1,-0.11671027343318748,-0.08800496839322475,-0.27694669480867395,-0.14096320703295878
R1274T,intracranial,FR1,-0.227388945031934,-0.13687858851974222,0.7329070077173049,0.21648535866033672
R1275D,intracranial,FR1,-0.3161005502518815,0.1960292963072854,0.11204994658549682,0.034061968130901565
R1277J,intracranial,FR1,0.45032372256450903,0.3579281074566786,0.23658865141543767,0.22841540586144066
R1281E,intracranial,FR1,-0.09292897206130422,0.17791797829641445,0.05741273707332589,-0.07097549974514254
R1283T,intracranial,FR1,0.06000288444939318,0.11256308791173034,-0.3377236961328649,-0.19309079166733373
R1286J,intracranial,FR1,0.2889688150206722,-0.04187367677053992,0.3521301968527537,0.02143369639204949
R1288P,intracranial,FR1,-1.0,1.0,-1.0,-1.0
R1290M,intracranial,FR1,0.10617406191045611,-0.053464978567238336,-0.15164580036464687,-0.358583526432643
R1291M,intracranial,FR1,0.08883168489629101,-0.14574499939811086,0.18438628419814926,0.13421227261694862
R1292E,intracranial,FR1,0.012243757715896197,0.07072961815210649,0.043423193260066245,0.00019415900885788595
R1293P,intracranial,FR1,-0.09342723851105919,0.03820601616632627,-0.18145272391511735,-0.12172488927175651
R1297T,intracranial,FR1,-0.0692263376490449,-0.09613058644886881,0.11728420967265661,-0.5072616468301429
R1298E,intracranial,FR1,-0.20548389789789437,-0.28536092942389435,0.29848471889388273,0.4023347352759231
R1299T,intracranial,FR1,0.12086179467129671,0.2899389555666286,0.035422809627944626,-0.04945741488418981
R1302M,intracranial,FR1,0.25839129041021924,-0.23205590832678252,0.14273882003356425,0.3108954417167662
R1304N,intracranial,FR1,,,,
R1306E,intracranial,FR1,0.6526677388265523,0.10831550508778626,0.5521308379610131,-0.3719210074486945
R1308T,intracranial,FR1,-0.08403793329345706,0.048096255129848706,0.26083898200285793,-0.13444321512825747
R1309M,intracranial,FR1,0.09477379008307873,-0.16993219596589185,0.07365153921860529,0.3296706517030194
R1310J,intracranial,FR1,0.23924440000707514,0.20012000648602696,0.16683978871897703,0.1393659648355765
R1311T,intracranial,FR1,-0.004991575165369189,-0.44825473446145647,0.21723143269382783,-0.24481990646143795
R1313J,intracranial,FR1,-0.4914705586677388,-0.5703572220513662,-0.05438288656235228,-0.17913174971451312
R1315T,intracranial,FR1,-0.06398607653793079,-0.3877961432498508,0.16569419910883534,-0.1157534606365977
R1316T,intracranial,FR1,0.18267151511632154,0.29846764489305994,-0.3561907667911843,0.06037236422292802
R1317D,intracranial,FR1,0.2608514313733679,-0.12209753635745393,0.2580168201315899,-0.024023916853488814
R1318N,intracranial,FR1,-0.386314466842588,-0.23904039632736998,0.5688288702337474,-0.0847879786552489
R1320D,intracranial,FR1,0.9790755624849465,0.9917359576228875,-0.2902040570746376,0.7050919669388502
R1321M,intracranial,FR1,-0.16490072929671798,-0.025628417223698678,0.2968940055864517,0.33479354687405194
R1323T,intracranial,FR1,0.020901493756939615,0.2202087033202309,0.38669937418681294,0.215083590729879
R1324M,intracranial,FR1,0.6100520303864216,0.4882777041871512,-0.7257303653584309,-0.15028795005347456
R1325C,intracranial,FR1,-0.46754914472508635,-0.19107507397331164,-0.5307273412925101,-0.17532505415765332
R1328E,intracranial,FR1,0.011482242934565859,0.07875376617859918,-0.026184060257038046,0.043084367257898284
R1329T,intracranial,FR1,0.30932614696961347,0.23254553280667678,0.031063717474664576,-0.011123019955378038
R1330D,intracranial,FR1,0.2817703197155603,-0.2705626593291978,-0.39454220909319293,-0.09589057635345608
R1332M,intracranial,FR1,0.2279782799355654,0.17225750822556943,0.037858460801907565,-0.2448140661536331
R1334T,intracranial,FR1,0.0578481459228992,-0.15519638160155633,-0.031097520803210155,0.04389896083755823
R1336T,intracranial,FR1,-0.10522165670086732,0.38551006285934286,-0.5733666742461492,0.10363278588767406
R1337E,intracranial,FR1,0.003317635410052027,-0.04041841801217561,-0.06083642565014541,0.15166289766633767
R1338T,intracranial,FR1,0.3949387171220387,-0.27815989734305,0.2838272039254764,-0.20556453611189238
R1339D,intracranial,FR1,-0.6307137548952796,-0.5019170788346732,-0.385255303203371,-0.3038066889057326
R1341T,intracranial,FR1,0.23290405373818532,0.18932441782545006,0.01873569816952482,-0.12772391678421235
R1342M,intracranial,FR1,0.37896822374274275,0.38731305860585563,-0.04089609812630257,0.1742899323244059
R1345D,intracranial,FR1,0.2241774101223509,-0.00101827124434406,0.074732328851599,0.049042834364370555
R1346T,intracranial,FR1,-0.15986433364557381,-0.14127111258594885,0.23569156040939584,0.25450663729814016
R1347D,intracranial,FR1,-0.17879756450680148,0.525002565317917,0.3381740819037817,0.08000847448350161
R1349T,intracranial,FR1,-0.2406743433543967,-0.028934181399308825,-0.017105186099030417,-0.24595553456186475
R1350D,intracranial,FR1,-0.22101693507579745,-0.3533297693396298,-0.36961750238750685,-0.10377083378742466
R1351M,intracranial,FR1,0.1681849163178592,-0.06875259145086661,0.13569262935757523,0.13041678106890653
R1354E,intracranial,FR1,0.04333374883293769,-0.09953862201917721,-0.07924048723765345,0.04525738321860001
R1355T,intracranial,FR1,0.32076789760227825,0.1052891427714331,0.016044342804129544,0.2797721970013223
R1357M,intracranial,FR1,0.33175606373005034,0.15075099972379324,0.13960335733122273,-0.6000774494654946
R1358T,intracranial,FR1,0.7796489994961735,0.03797139873318503,-0.9586078669642777,-0.45891282947285245
R1361C,intracranial,FR1,-0.0006402212014461617,-0.2399377488787853,-0.37974354240356933,0.5919962286735128
R1363T,intracranial,FR1,0.24281086660914486,0.6882556184773614,0.3121680933304969,0.8015674334989702
R1364C,intracranial,FR1,-0.009757211039179474,-0.1610448274317347,-0.23017570799168002,0.22453277441289282
R1367D,intracranial,FR1,-0.4016496429168182,-0.4972175405140984,-0.22763368285287194,0.09597460685564937
R1368T,intracranial,FR1,0.046161467224214214,0.4413866837925958,0.23576479522902843,-0.07595175871995927
R1373T,intracranial,FR1,,,,
R1374T,intracranial,FR1,0.5449459632722493,0.8824867541629797,-0.5011861033995585,-0.29852451949619835
R1375C,intracranial,FR1,-0.7449297607956805,-0.5749997125954088,-0.5281142713284679,-0.2974617016877764
R1376D,intracranial,FR1,0.2690871298703601,-0.4462271804644656,-0.5231046810447937,-0.6260731813447452
R1377M,intracranial,FR1,-0.12963063110037104,-0.22765401669703478,0.33794338990983874,-0.22086804316344438
R1378T,intracranial,FR1,0.0814013821212874,0.3138027882131941,0.05990041207737923,-0.10862921012135335
R1379E,intracranial,FR1,0.2624630929188615,-0.0016951267738712916,0.1629038211101008,0.7489154392386466
R1380D,intracranial,FR1,0.06250075008106983,-0.00818201126462742,-0.2361045978180066,-0.22281175695164426
R1381T,intracranial,FR1,0.5162138024793643,0.5686406291733846,0.12733088381175844,0.21581846208678346
R1382T,intracranial,FR1,0.34511695666688885,0.1461511929423111,0.10750112936048006,-0.0727872218228058
R1383J,intracranial,FR1,0.0648656592112828,0.3598397810912036,-0.019552688101934543,0.2146706938312355
R1384J,intracranial,FR1,0.0001555001953365276,0.05533322646415414,-0.3041019267050264,0.015865909270242617
R1385E,intracranial,FR1,0.07361390055233086,-0.1461879992506445,-0.3143464371024687,0.24648103903765897
R1386T,intracranial,FR1,0.09326351194523823,0.15793557088270832,0.052097656254668806,0.053670667992667925
R1387E,intracranial,FR1,0.13732940364913837,-0.11496091844331587,-0.4340031013203501,0.017867898931471487
R1390M,intracranial,FR1,0.3506914293084013,-0.03412826338635466,-0.26838794334629235,-0.1990410558076492
R1391T,intracranial,FR1,0.2964713838292949,-0.2008888651820607,-0.043330676281540366,-0.08140653944959698
R1393T,intracranial,FR1,-0.9999999999999998,-0.13766830616023146,0.1389665957078201,-0.6099942813304187
R1394E,intracranial,FR1,-0.04538694005566979,0.03445294612589768,0.11972619614249477,-0.10889978876421877
R1395M,intracranial,FR1,-0.07226971270249236,-0.26347952415336695,-0.20241962669205402,0.21951723555081473
R1396T,intracranial,FR1,-0.3668239219984549,-0.15661865527799873,-0.6657361491061855,0.5885993002683503
R1397D,intracranial,FR1,-0.21472126907175018,0.20202111544472193,0.17443690250315055,-0.1255712268509161
R1398J,intracranial,FR1,-0.39593247294033307,-0.48772317879910854,0.2766966560375065,-0.06126701442388616
R1401J,intracranial,FR1,0.4652019874268908,0.025183458234261102,0.025262097154198637,0.3166197378314375
R1402E,intracranial,FR1,0.6718451663997901,0.4011571533533298,0.10343580999896941,-0.10917926650651033
R1404E,intracranial,FR1,0.4513520032938709,-0.03755441945443289,-0.22775202350992413,-0.4152016729133431
R1405E,intracranial,FR1,0.035649122064946026,0.003515719308938181,0.212411369137196,0.4095809352584943
R1406M,intracranial,FR1,0.2103163878368118,-0.9999291858294608,-0.6299663836133605,0.01785334790590304
R1409D,intracranial,FR1,-0.20462223664530965,0.005630774455537557,-0.032306624687043595,0.4064557947853056
R1412M,intracranial,FR1,-0.24800732228999872,0.46455764909894415,0.3927405921296952,0.20354544348662093
R1413D,intracranial,FR1,0.07403821060757869,0.2032821937868644,0.028470988149127713,0.08134663078957688
R1414E,intracranial,FR1,0.11395508583869174,0.5236905907444517,-0.463036462628291,0.41306983349585863
R1415T,intracranial,FR1,0.17858392201697118,0.441922117333091,-0.05716768225802642,0.16590845234689316
R1416T,intracranial,FR1,-0.419303444811835,-0.22805903254540935,-0.3207423234866122,0.30528656928377784
R1420T,intracranial,FR1,0.013499615213717508,0.4703418269811782,-0.4720949410888381,-0.6635531335894529
R1421M,intracranial,FR1,-0.4779809239762223,0.07672172455414135,-0.7182835601728683,0.5004107314687846
R1422T,intracranial,FR1,-0.35660595511492554,-0.4196748706330742,0.18686378857902178,-0.395423795398558
R1423E,intracranial,FR1,-0.27587860143829585,0.048690096537367375,0.3266831611008965,-0.6765369052178439
R1425D,intracranial,FR1,-0.07291773367729185,0.08097566455061742,0.13973542589077728,-0.005943734735520965
R1427T,intracranial,FR1,0.13186937639616747,-0.09522241987971526,-0.02347616159144182,-0.016774674090444388
R1428T,intracranial,FR1,0.3003702344145933,0.4525120358242716,0.5293436035764592,-0.49799911300602784
R1431J,intracranial,FR1,0.024338528748259702,-0.23489738008363542,0.13873619483584315,-0.4379635281862698
R1433E,intracranial,FR1,0.2326261417375586,0.4244625896100146,0.15216717138170666,0.5912639443075273
R1436J,intracranial,FR1,-0.30592681968170415,0.0643158606807871,0.0019685745757936357,-0.7952447749414719
R1438M,intracranial,FR1,0.8111438835576009,0.43604313802146694,-0.8552747706861681,0.32854451373624505
R1441T,intracranial,FR1,0.174431735056538,-0.08191970474499442,0.27007644240343265,-0.3076657844508439
R1443D,intracranial,FR1,-0.7953426140209914,-0.6461081870069041,-0.25674022891154785,0.5699200375080483
R1446T,intracranial,FR1,,,,
R1447M,intracranial,FR1,-0.8072364855527984,0.6634535489512983,-0.23934461131897183,0.4052293631496695
R1448T,intracranial,FR1,0.462154754019771,0.11368071187663353,-0.6027739715356604,0.23375107219527005
R1449T,intracranial,FR1,0.14474351410886155,0.5423688380826565,-0.08939094804100618,-0.3483467754539984
R1454M,intracranial,FR1,-0.21493225624184992,0.020704132101422135,0.09908827111420473,0.295464950073022
R1457T,intracranial,FR1,0.16737298787029353,-0.08184219776695051,-0.845333039066404,0.7405686233347722
R1459M,intracranial,FR1,-0.01667387944280721,0.16112006929370104,0.41615357957126675,0.022397649217564028
R1460M,intracranial,FR1,0.9625757648997286,0.49074135512893535,0.5,0.6933752452815367
R1462M,intracranial,FR1,0.27720881026165484,0.6031645149375394,-0.43598957178286707,-0.8630553715274606
R1463E,intracranial,FR1,-0.13707264360933846,-0.023971619449347656,-0.18881849857908917,-0.4479378000393515
R1466J,intracranial,FR1,0.8332656729254088,0.6438614882652487,-0.19740368473892303,0.16319622256952337
R1467M,intracranial,FR1,-0.06626054076151897,0.18741801224532767,-0.14529462972880156,0.36509690487536706
R1542J,intracranial,FR1,0.03995634675143861,-0.19413451452901778,-0.062246156591809765,-0.14084851880336588
R1565T,intracranial,FR1,-0.949708240889015,-0.016198378299542793,0.2998845619812599,-0.4324824151182941
R1569T,intracranial,FR1,-0.15556670304267367,0.0020781402615300953,0.3874926108998251,-0.587264593212325
R1571T,intracranial,FR1,-0.11027050854727741,0.09089120487759719,-0.4586938681069028,-0.1966897588117897
R1572T,intracranial,FR1,0.7187791244648589,0.9929429524227587,-0.8694620182704021,-0.9825083306797144
R1573T,intracranial,FR1,0.5288103426809204,-0.010348616507951283,-0.19566012513072806,0.8061479193379182
R1686S,intracranial,IFR1,-0.2782938992011629,-0.2438872777244758,0.14409991556715673,-0.5997976185883329
R1710J,intracranial,IFR1,0.029601146775351937,0.07584665170681773,0.19306889945195224,-0.08469147096042641
R1720S,intracranial,IFR1,-0.1170186450159929,0.06429657419491033,0.15516029160076247,-0.3792387620578319
R1721J,intracranial,IFR1,0.37761285859370175,0.3587361278067742,0.3184495374240841,0.03197173746122091
R1724J,intracranial,IFR1,-0.10767674868918488,-0.04903717893771193,-0.3010692662811057,0.11337954908887646
R1725J,intracranial,IFR1,-0.07194362846063448,-0.09670328305673762,-0.25735277452424365,0.23312595733620772
R1729J,intracranial,IFR1,-0.1980295218349749,-0.0038758493092801716,-0.11280608427619415,0.07516547404447362
R1730A,intracranial,IFR1,0.04040312315148782,0.10338679054441999,0.0865020029440707,-0.015112543318348454
R1733A,intracranial,IFR1,0.0806404995855706,-0.18176284142570623,-0.17655692365560674,-0.44645259118490377
R1739A,intracranial,IFR1,0.37932495307567604,0.41383733137014,0.2338383797374392,0.17837793613802175
R1740H,intracranial,IFR1,-0.0715000063355844,-0.020797516815321396,-0.33102079609162816,-0.22752266410824012
R1741A,intracranial,IFR1,0.2702062890915155,0.15162127214491727,-0.007231332623570633,-0.04489585776634514
R1742J,intracranial,IFR1,-0.04902558943941214,0.3159588910554879,0.015440596063023476,-0.00023640216839762584
R1743H,intracranial,IFR1,0.4162798652146523,-0.06240514578218965,0.5031057770276253,-0.02439986577694278
R1744A,intracranial,IFR1,-0.041468050072336345,-0.03994652513320743,-0.08511054540132415,-0.031937482051802066
R1745H,intracranial,IFR1,-0.0867201996346321,0.3336510294773361,0.26075353274332247,0.09455376667844412
R1746A,intracranial,IFR1,0.04616828450675866,0.060011062588369565,-0.3431579657574644,-0.21268462660783585
R1747A,intracranial,IFR1,0.20837234285780376,0.28260365042609065,0.015973834982328905,0.010065478633236279
R1749A,intracranial,IFR1,-0.07481320292266684,-0.10914947218679788,0.21608991286353513,-0.3625284251719437
R1752A,intracranial,IFR1,0.14105673560431092,0.14529748703142256,0.23816337635203913,0.04926499731600193
TJ001,intracranial,pyFR,-0.0562747463009795,-0.13280437961947653,0.19672718348791096,-0.08415880454219223
TJ003,intracranial,pyFR,0.009984448003924395,0.3293963640133187,0.2604048648157135,0.2334425802608657
TJ004,intracranial,pyFR,0.3126515852075946,0.05780654567792176,0.19105853216971885,-0.04057963848884463
TJ005,intracranial,pyFR,-0.01936719145987293,-0.16657177165372097,-0.045612943150658315,0.22784505225851043
TJ006,intracranial,pyFR,-1.0,-1.0,1.0,-1.0
TJ010,intracranial,pyFR,0.03429923994967643,-0.30322046555138565,-0.10149303142030935,0.015109853148468522
TJ013,intracranial,pyFR,-0.09187932923700973,-0.08070210014789402,-0.1455661294090699,-0.04348802403143401
TJ015,intracranial,pyFR,-0.4580334922558185,-0.4974000927388786,-0.24487591875223694,0.015098186029603231
TJ016,intracranial,pyFR,0.02780170749004307,0.022989174543848235,-0.021366593722096077,0.2043216934272071
TJ017,intracranial,pyFR,0.3086853459057372,-0.459364483271675,-0.5099021921364907,0.3493329651151674
TJ018,intracranial,pyFR,-0.11853252952513116,-0.08615112876131785,0.20339853837408006,0.11918491701694518
TJ019,intracranial,pyFR,0.2975542109297907,0.20412953747733875,0.25749579750761953,-0.4474811384281412
TJ020,intracranial,pyFR,0.012769234240736338,0.1945706716841899,-0.08680377060635343,-0.05274672786388007
TJ021,intracranial,pyFR,0.5474963418651718,0.2965332729362162,0.2824833467867197,0.24617347251115207
TJ022,intracranial,pyFR,0.286861816707994,0.19586241280937045,-0.1718216123703741,0.05127064138687724
TJ024,intracranial,pyFR,0.05854167359718108,-0.19354390415257072,0.003623555120530364,0.3963847942954735
TJ025,intracranial,pyFR,-0.040634382013222385,0.09414720197036033,-0.24585028155088923,0.14399563143585256
TJ027,intracranial,pyFR,-0.043639296486012,-0.00037457195957257827,0.25909391675595694,-0.11524884958988514
TJ028,intracranial,pyFR,0.07947118069100315,0.27247651412524987,-0.31319777277948907,-0.5516353415740998
TJ029,intracranial,pyFR,0.3016823808817989,0.057702401450820895,-0.05082566212190398,-0.2892108961775883
TJ030,intracranial,pyFR,0.2252831275171855,0.041350579018942735,-0.06125058612291335,-0.03963933862810637
TJ031,intracranial,pyFR,0.013271107826901107,-0.056655263498389515,0.1152992726485911,-0.16698870098017768
TJ032,intracranial,pyFR,0.03051619046984513,-0.22928147180570924,0.11058949288869055,-0.025478821042621867
TJ033,intracranial,pyFR,0.6836428909649589,0.3127876158952143,0.7123369484704556,-0.0001970472377842425
TJ034,intracranial,pyFR,-0.21479147458149814,-0.18051079819366891,-0.3417226317337358,-0.3010001915578099
TJ035,intracranial,pyFR,0.4442376674114801,-0.21434993963712473,-0.2607142384323661,-0.09224512346758942
TJ036,intracranial,pyFR,-0.0867445428913274,-0.11140737581670354,-0.11720085988352044,-0.09285492542999867
TJ037,intracranial,pyFR,0.10385802196313097,7.794143890643701e-05,0.48549965014325963,0.35762420124389793
TJ038,intracranial,pyFR,-0.030547289841351365,-0.006290682920033322,-0.1881460208031723,-0.27707483816721074
TJ039,intracranial,pyFR,-0.03504523777516566,0.01678281943449459,-0.03574351849099289,0.04746777687428883
TJ040,intracranial,pyFR,-0.2313571243878431,0.10021357515828502,-0.27275227280102365,-0.04597793138349415
TJ041,intracranial,pyFR,0.11142261787538674,0.07311941750589071,0.11114121495842093,0.06935472821853968
TJ042,intracranial,pyFR,-0.489359186968636,-0.21503453755277913,0.6525872753360256,-0.026462368286019528
TJ043,intracranial,pyFR,0.00632584832680864,-0.08421372395642124,-0.10595523178900228,0.3258355846971651
TJ044,intracranial,pyFR,0.08223922393633817,-0.011691330957482579,0.22648626394824764,0.1506633033591531
TJ045,intracranial,pyFR,0.035435661812776895,0.24430802477340866,0.04537008401059767,0.2658205515645212
TJ047,intracranial,pyFR,0.35848119260830114,0.4101527709940494,0.3148647123563835,-0.30968975688192363
TJ048,intracranial,pyFR,0.2922709573532863,-0.11219518771764242,0.23478098103473996,0.08130911760971908
TJ049,intracranial,pyFR,-0.41748122823344724,-0.07620429931350764,-0.32020005461457735,0.3564629026782825
TJ050,intracranial,pyFR,0.08285805840987337,0.14671461027001792,0.004690698609734811,0.03155084630680268
TJ051,intracranial,pyFR,0.08706564518209428,0.21308232316276884,0.14518164436624442,-0.2233221846142397
TJ052,intracranial,pyFR,0.2746730420093447,0.535796564098347,0.5327740362973366,0.33194726385051254
TJ053,intracranial,pyFR,-0.12731810467853064,-0.1402681591682498,0.14967743922657667,0.09031860082293341
TJ054,intracranial,pyFR,-0.1135892127440113,-0.2752899421733892,-0.006507683590319446,0.27213507594420944
TJ055,intracranial,pyFR,0.09662638432341139,0.1649133988432635,-0.3469328558183873,0.13012121964104445
TJ056,intracranial,pyFR,0.24172532668733568,-0.009212826597376489,-0.7919615095556554,0.05835016584884488
TJ057,intracranial,pyFR,-0.20677809149261214,-0.4549212380197483,0.09878847038921955,-0.04556541940297739
TJ058,intracranial,pyFR,0.003985361109646174,-0.06330466080015888,0.14526896380186544,0.03182719593926141
TJ059,intracranial,pyFR,-0.2368248045382388,0.041843382496045994,0.09091412087757114,-0.3962254279316668
TJ060,intracranial,pyFR,-0.05000503281399656,-0.046111904787804574,0.11681796121148848,-0.12861963249245353
TJ061,intracranial,pyFR,0.1593032831346726,-0.6383091200122284,0.19533784316680775,0.06793872972554518
TJ062,intracranial,pyFR,-0.45137495422794427,-0.3508650457318287,0.32979307587262935,-0.2345829027694656
TJ064,intracranial,pyFR,0.14481236412188245,0.19608522683249796,-0.005503917863525369,0.07780563605507206
TJ065,intracranial,pyFR,-0.07483755393398736,0.032622067938845395,-0.11104061873980917,0.13328121472771537
TJ066,intracranial,pyFR,0.008757479005477714,-0.04725968563835248,-0.4265742833779034,-0.10928060195170926
TJ068,intracranial,pyFR,0.044158697477037934,-0.005891709014296254,-0.006810039837430698,0.13933276104833073
TJ069,intracranial,pyFR,0.05689358734515521,0.07426009828221153,-0.5053276304496443,-0.5791694646780569
TJ071,intracranial,pyFR,1.0,1.0,-1.0,-1.0
TJ073,intracranial,pyFR,0.16917676472004214,0.49033961212412563,0.07639930895532537,0.24965288019676776
TJ074,intracranial,pyFR,0.2539221624471169,0.22414069381696886,-0.04100702233867418,0.023525027966356683
TJ075,intracranial,pyFR,0.08416742780592042,0.036760553554167553,-0.2588028890753817,-0.12324739784583927
TJ077,intracranial,pyFR,0.2714750614942221,0.3182604602838966,0.14109756905644377,0.12877611073761
TJ078,intracranial,pyFR,0.4164143142445364,0.5893300067277581,-0.18596631202763414,-0.1021334026992557
TJ079,intracranial,pyFR,0.024353355741664952,0.4551603718320811,-0.5583130675971041,0.5895523953004
TJ080,intracranial,pyFR,0.17584679812561593,0.02844195314413641,-0.030667980797737138,0.16780664732352585
TJ081,intracranial,pyFR,-0.3605098252470845,0.03480014087483288,0.015686322878962017,-0.3251087026442069
TJ082,intracranial,pyFR,0.06206507773286399,0.21024981239978785,0.027125093850573878,0.022432095473662705
TJ083,intracranial,pyFR,0.5,0.9919066530717991,-0.24473372653636796,-0.6379268552473237
UP001,intracranial,pyFR,0.05206809461214209,-0.13245406375632987,0.2580087997281274,-0.14314642361117114
UP002,intracranial,pyFR,0.2214195295470182,0.41915882405816957,0.14268793405261165,-0.3072063076742309
UP003,intracranial,pyFR,0.29872606165395693,-0.6089251459242699,0.4458821619884416,-0.320519714249377
UP004,intracranial,pyFR,0.17483845070222181,0.373336531076138,0.2630681839165251,0.4034531304202072
UP005,intracranial,pyFR,0.1935936757898482,-0.16539363902506649,0.008952569450823997,0.2912788425212091
UP006,intracranial,pyFR,0.0027660374828097725,-0.10085234216139609,0.05045820001693013,-0.05820396071548121
UP007,intracranial,pyFR,0.14330920821693574,-0.047927126780716686,-0.12863460830050177,0.03942665995057118
UP008,intracranial,pyFR,0.05023942923916205,0.12455105433420131,0.35503143304997975,0.6634571260045724
UP011,intracranial,pyFR,0.11903336005362143,0.013254599920091916,-0.2892161061407285,0.0007162554081426668
UP016,intracranial,pyFR,-0.2870849414437469,0.029495572443615586,-0.013731115274079699,0.22111335141326655
UP017,intracranial,pyFR,0.11798119334366255,0.14026637036977788,0.2627280551145008,-0.05399442707130786
UP019,intracranial,pyFR,0.09899761138214924,-0.20484872235302332,0.09107817850494764,0.4160253797248028
UP020,intracranial,pyFR,-0.1428916415566814,-0.1352592292337509,-0.024600764477286142,-0.43080164486818506
UP021,intracranial,pyFR,-0.11545836844540781,0.06104938040156138,-0.053119549352094945,0.053281604817641125
UP022,intracranial,pyFR,-0.1654683188259033,-0.3408499984119353,0.07708700251405504,0.07452892672995078
UP024,intracranial,pyFR,-0.2169019632108098,-0.1657178797910249,-0.053502702976166466,-0.07703307259344917
UP028,intracranial,pyFR,0.40402932372142175,-0.14943369561021658,0.1998003373748581,-0.31035632308264605
UP029,intracranial,pyFR,-0.5991254420486266,0.09276078584886735,-0.5180862364220244,-0.3277905880082565
UP034,intracranial,pyFR,0.15229555024757957,0.4354395263362274,0.06053379214277246,0.21773482676892367
UP036,intracranial,pyFR,-0.9962955619885904,-0.6334104663939293,0.9563247157871204,0.24270463942969264
UP037,intracranial,pyFR,0.021675789498827456,-0.23276641191022623,-0.06940790669601968,0.3475402584246427
UP038,intracranial,pyFR,0.9333707426843652,0.8062260417775167,0.9997418483151108,0.7566288795602747
UP040,intracranial,pyFR,0.27630119861555474,0.10913295656647187,-0.054237074004232756,0.16156461788051596
UP041,intracranial,pyFR,-0.2282380281475385,-0.4437815316308309,0.044734490456792265,-0.1288423023153309
UP042,intracranial,pyFR,0.3816552433110816,0.014929025213077873,-0.35058917090238917,-0.8959850136886689
UP043,intracranial,pyFR,-0.12389781427501917,-0.0727143287325908,-0.13474656562895862,-0.16100204176398916
UP044,intracranial,pyFR,0.1672547540924815,-0.027791550687200003,0.22673791219544154,-0.11844873256570691
UP045,intracranial,pyFR,0.45336093570447705,0.4168496082343398,0.704329398251301,0.18500060751919786
UP046,intracranial,pyFR,0.05043133809328868,0.07244256069152444,-0.04311853822379905,-0.3198782452383115
