subject,experiment,session,l_length,p_recall
LTP093,ltpFR2,0,24,0.3993055555555556
LTP093,ltpFR2,1,24,0.4201388888888889
LTP093,ltpFR2,2,24,0.53125
LTP093,ltpFR2,3,24,0.4444444444444444
LTP093,ltpFR2,4,24,0.5590277777777778
LTP093,ltpFR2,5,24,0.40625
LTP093,ltpFR2,6,24,0.5069444444444444
LTP093,ltpFR2,7,24,0.3819444444444444
LTP093,ltpFR2,8,24,0.40972222222222227
LTP093,ltpFR2,9,24,0.3819444444444444
LTP093,ltpFR2,10,24,0.328125
LTP093,ltpFR2,11,24,0.3541666666666667
LTP093,ltpFR2,12,24,0.3576388888888889
LTP093,ltpFR2,13,24,0.3663194444444444
LTP093,ltpFR2,14,24,0.3645833333333333
LTP093,ltpFR2,15,24,0.3420138888888889
LTP093,ltpFR2,16,24,0.3142361111111111
LTP093,ltpFR2,17,24,0.2743055555555556
LTP093,ltpFR2,18,24,0.25347222222222227
LTP093,ltpFR2,19,24,0.34375
LTP093,ltpFR2,20,24,0.3211805555555555
LTP093,ltpFR2,21,24,0.2864583333333333
LTP093,ltpFR2,22,24,0.3454861111111111
LTP106,ltpFR2,0,24,0.7048611111111112
LTP106,ltpFR2,1,24,0.7291666666666666
LTP106,ltpFR2,2,24,0.7256944444444445
LTP106,ltpFR2,3,24,0.7239583333333334
LTP106,ltpFR2,4,24,0.7239583333333334
LTP106,ltpFR2,5,24,0.78125
LTP106,ltpFR2,6,24,0.8333333333333334
LTP106,ltpFR2,7,24,0.7569444444444445
LTP106,ltpFR2,8,24,0.7934027777777778
LTP106,ltpFR2,9,24,0.7986111111111112
LTP106,ltpFR2,10,24,0.7638888888888888
LTP106,ltpFR2,11,24,0.7951388888888888
LTP106,ltpFR2,12,24,0.8020833333333334
LTP106,ltpFR2,13,24,0.7986111111111112
LTP106,ltpFR2,14,24,0.7916666666666666
LTP106,ltpFR2,15,24,0.7326388888888888
LTP106,ltpFR2,16,24,0.6614583333333334
LTP106,ltpFR2,17,24,0.7413194444444445
LTP106,ltpFR2,18,24,0.7065972222222222
LTP106,ltpFR2,19,24,0.6822916666666666
LTP106,ltpFR2,20,24,0.6614583333333334
LTP106,ltpFR2,21,24,0.6649305555555556
LTP106,ltpFR2,22,24,0.7465277777777778
LTP115,ltpFR2,0,24,0.5243055555555556
LTP115,ltpFR2,1,24,0.578125
LTP115,ltpFR2,2,24,0.6302083333333334
LTP115,ltpFR2,3,24,0.501736111111111
LTP115,ltpFR2,4,24,0.6684027777777778
LTP115,ltpFR2,5,24,0.6892361111111112
LTP115,ltpFR2,6,24,0.6788194444444445
LTP115,ltpFR2,7,24,0.6961805555555555
LTP115,ltpFR2,8,24,0.7256944444444445
LTP115,ltpFR2,9,24,0.657986111111111
LTP115,ltpFR2,10,24,0.6736111111111112
LTP115,ltpFR2,11,24,0.6909722222222222
LTP115,ltpFR2,12,24,0.6892361111111112
LTP115,ltpFR2,13,24,0.6927083333333334
LTP115,ltpFR2,14,24,0.7256944444444445
LTP115,ltpFR2,15,24,0.6145833333333334
LTP115,ltpFR2,16,24,0.6649305555555556
LTP115,ltpFR2,17,24,0.657986111111111
LTP115,ltpFR2,18,24,0.7135416666666666
LTP115,ltpFR2,19,24,0.6805555555555555
LTP115,ltpFR2,20,24,0.7152777777777778
LTP115,ltpFR2,21,24,0.6614583333333334
LTP115,ltpFR2,22,24,0.5833333333333334
LTP117,ltpFR2,0,24,0.548611111111111
LTP117,ltpFR2,1,24,0.6006944444444444
LTP117,ltpFR2,2,24,0.6024305555555556
LTP117,ltpFR2,3,24,0.6336805555555556
LTP117,ltpFR2,4,24,0.6927083333333334
LTP117,ltpFR2,5,24,0.7065972222222222
LTP117,ltpFR2,6,24,0.6493055555555556
LTP117,ltpFR2,7,24,0.7048611111111112
LTP117,ltpFR2,8,24,0.7152777777777778
LTP117,ltpFR2,9,24,0.6788194444444445
LTP117,ltpFR2,10,24,0.71875
LTP117,ltpFR2,11,24,0.5694444444444444
LTP117,ltpFR2,12,24,0.7552083333333334
LTP117,ltpFR2,13,24,0.7135416666666666
LTP117,ltpFR2,14,24,0.7274305555555555
LTP117,ltpFR2,15,24,0.75
LTP117,ltpFR2,16,24,0.7638888888888888
LTP117,ltpFR2,17,24,0.7326388888888888
LTP117,ltpFR2,18,24,0.6753472222222222
LTP117,ltpFR2,19,24,0.7309027777777778
LTP117,ltpFR2,20,24,0.7170138888888888
LTP117,ltpFR2,21,24,0.6041666666666666
LTP117,ltpFR2,22,24,0.7135416666666666
LTP122,ltpFR2,0,24,0.8854166666666666
LTP122,ltpFR2,1,24,0.8576388888888888
LTP122,ltpFR2,2,24,0.4600694444444444
LTP122,ltpFR2,3,24,0.8194444444444445
LTP122,ltpFR2,4,24,0.8506944444444445
LTP122,ltpFR2,5,24,0.7482638888888888
LTP122,ltpFR2,6,24,0.8506944444444445
LTP122,ltpFR2,7,24,0.8680555555555555
LTP122,ltpFR2,8,24,0.9166666666666666
LTP122,ltpFR2,9,24,0.8472222222222222
LTP122,ltpFR2,10,24,0.7447916666666666
LTP122,ltpFR2,11,24,0.8454861111111112
LTP122,ltpFR2,12,24,0.8611111111111112
LTP122,ltpFR2,13,24,0.8402777777777778
LTP122,ltpFR2,14,24,0.84375
LTP122,ltpFR2,15,24,0.8142361111111112
LTP122,ltpFR2,16,24,0.7708333333333334
LTP122,ltpFR2,17,24,0.9097222222222222
LTP122,ltpFR2,18,24,0.8420138888888888
LTP122,ltpFR2,19,24,0.8680555555555555
LTP122,ltpFR2,20,24,0.9097222222222222
LTP122,ltpFR2,21,24,0.9045138888888888
LTP122,ltpFR2,22,24,0.8715277777777778
LTP123,ltpFR2,0,24,0.4236111111111111
LTP123,ltpFR2,1,24,0.4357638888888889
LTP123,ltpFR2,2,24,0.48090277777777773
LTP123,ltpFR2,3,24,0.5
LTP123,ltpFR2,4,24,0.5243055555555556
LTP123,ltpFR2,5,24,0.5
LTP123,ltpFR2,6,24,0.4427083333333333
LTP123,ltpFR2,7,24,0.4791666666666667
LTP123,ltpFR2,8,24,0.5086805555555556
LTP123,ltpFR2,9,24,0.5190972222222222
LTP123,ltpFR2,10,24,0.4670138888888889
LTP123,ltpFR2,11,24,0.53125
LTP123,ltpFR2,12,24,0.53125
LTP123,ltpFR2,13,24,0.6163194444444444
LTP123,ltpFR2,14,24,0.6197916666666666
LTP123,ltpFR2,15,24,0.5555555555555556
LTP123,ltpFR2,16,24,0.4600694444444444
LTP123,ltpFR2,17,24,0.576388888888889
LTP123,ltpFR2,18,24,0.5190972222222222
LTP123,ltpFR2,19,24,0.6041666666666666
LTP123,ltpFR2,20,24,0.626736111111111
LTP123,ltpFR2,21,24,0.6649305555555556
LTP123,ltpFR2,22,24,0.6371527777777778
LTP133,ltpFR2,0,24,0.4427083333333333
LTP133,ltpFR2,1,24,0.4131944444444444
LTP133,ltpFR2,2,24,0.40625
LTP133,ltpFR2,3,24,0.4461805555555556
LTP133,ltpFR2,4,24,0.46527777777777773
LTP133,ltpFR2,5,24,0.40625
LTP133,ltpFR2,6,24,0.4201388888888889
LTP133,ltpFR2,7,24,0.36284722222222227
LTP133,ltpFR2,8,24,0.4166666666666667
LTP133,ltpFR2,9,24,0.38715277777777773
LTP133,ltpFR2,10,24,0.4774305555555556
LTP133,ltpFR2,11,24,0.4461805555555556
LTP133,ltpFR2,12,24,0.453125
LTP133,ltpFR2,13,24,0.3958333333333333
LTP133,ltpFR2,14,24,0.4114583333333333
LTP133,ltpFR2,15,24,0.4392361111111111
LTP133,ltpFR2,16,24,0.4270833333333333
LTP133,ltpFR2,17,24,0.4079861111111111
LTP133,ltpFR2,18,24,0.564236111111111
LTP133,ltpFR2,19,24,0.44097222222222227
LTP133,ltpFR2,20,24,0.4774305555555556
LTP133,ltpFR2,21,24,0.53125
LTP133,ltpFR2,22,24,0.3454861111111111
LTP138,ltpFR2,0,24,0.47222222222222227
LTP138,ltpFR2,1,24,0.4774305555555556
LTP138,ltpFR2,2,24,0.5902777777777778
LTP138,ltpFR2,3,24,0.625
LTP138,ltpFR2,4,24,0.59375
LTP138,ltpFR2,5,24,0.6440972222222222
LTP138,ltpFR2,6,24,0.576388888888889
LTP138,ltpFR2,7,24,0.5625
LTP138,ltpFR2,8,24,0.5746527777777778
LTP138,ltpFR2,9,24,0.6197916666666666
LTP138,ltpFR2,10,24,0.6215277777777778
LTP138,ltpFR2,11,24,0.6180555555555556
LTP138,ltpFR2,12,24,0.6875
LTP138,ltpFR2,13,24,0.6736111111111112
LTP138,ltpFR2,14,24,0.6145833333333334
LTP138,ltpFR2,15,24,0.6197916666666666
LTP138,ltpFR2,16,24,0.6371527777777778
LTP138,ltpFR2,17,24,0.6076388888888888
LTP138,ltpFR2,18,24,0.6927083333333334
LTP138,ltpFR2,19,24,0.7256944444444445
LTP138,ltpFR2,20,24,0.5381944444444444
LTP138,ltpFR2,21,24,0.7100694444444445
LTP138,ltpFR2,22,24,0.7534722222222222
LTP187,ltpFR2,0,24,0.3107638888888889
LTP187,ltpFR2,1,24,0.2604166666666667
LTP187,ltpFR2,2,24,0.2760416666666667
LTP187,ltpFR2,3,24,0.20138888888888887
LTP187,ltpFR2,4,24,0.22395833333333334
LTP187,ltpFR2,5,24,0.2829861111111111
LTP187,ltpFR2,6,24,0.3368055555555556
LTP187,ltpFR2,7,24,0.17013888888888887
LTP187,ltpFR2,8,24,0.3541666666666667
LTP187,ltpFR2,9,24,0.40625
LTP187,ltpFR2,10,24,0.2881944444444445
LTP187,ltpFR2,11,24,0.29340277777777773
LTP187,ltpFR2,12,24,0.25
LTP187,ltpFR2,13,24,0.2517361111111111
LTP207,ltpFR2,0,24,0.2934027777777778
LTP207,ltpFR2,1,24,0.2309027777777778
LTP207,ltpFR2,2,24,0.2899305555555555
LTP207,ltpFR2,3,24,0.5052083333333334
LTP207,ltpFR2,4,24,0.2534722222222222
LTP207,ltpFR2,5,24,0.37152777777777773
LTP207,ltpFR2,6,24,0.2552083333333333
LTP207,ltpFR2,7,24,0.22916666666666666
LTP207,ltpFR2,8,24,0.18923611111111113
LTP207,ltpFR2,9,24,0.2378472222222222
LTP207,ltpFR2,10,24,0.2725694444444445
LTP207,ltpFR2,11,24,0.22743055555555555
LTP207,ltpFR2,12,24,0.2309027777777778
LTP207,ltpFR2,13,24,0.17881944444444445
LTP207,ltpFR2,14,24,0.21006944444444445
LTP207,ltpFR2,15,24,0.2899305555555555
LTP207,ltpFR2,16,24,0.21701388888888887
LTP207,ltpFR2,17,24,0.20138888888888887
LTP207,ltpFR2,18,24,0.24305555555555555
LTP207,ltpFR2,19,24,0.1423611111111111
LTP207,ltpFR2,20,24,0.15625
LTP207,ltpFR2,21,24,0.17708333333333334
LTP207,ltpFR2,22,24,0.22569444444444445
LTP210,ltpFR2,0,24,0.2795138888888889
LTP210,ltpFR2,1,24,0.3159722222222222
LTP210,ltpFR2,2,24,0.2378472222222222
LTP210,ltpFR2,3,24,0.18576388888888887
LTP210,ltpFR2,4,24,0.23263888888888887
LTP210,ltpFR2,5,24,0.23611111111111113
LTP210,ltpFR2,6,24,0.234375
LTP210,ltpFR2,7,24,0.2604166666666667
LTP210,ltpFR2,8,24,0.1840277777777778
LTP210,ltpFR2,9,24,0.2378472222222222
LTP210,ltpFR2,10,24,0.2569444444444445
LTP210,ltpFR2,11,24,0.2222222222222222
LTP210,ltpFR2,12,24,0.18923611111111113
LTP210,ltpFR2,13,24,0.20486111111111113
LTP210,ltpFR2,14,24,0.2152777777777778
LTP210,ltpFR2,15,24,0.18229166666666666
LTP210,ltpFR2,16,24,0.19270833333333334
LTP210,ltpFR2,17,24,0.1545138888888889
LTP210,ltpFR2,18,24,0.2378472222222222
LTP210,ltpFR2,19,24,0.1545138888888889
LTP210,ltpFR2,20,24,0.1388888888888889
LTP210,ltpFR2,21,24,0.17881944444444445
LTP210,ltpFR2,22,24,0.18229166666666666
LTP228,ltpFR2,0,24,0.3420138888888889
LTP228,ltpFR2,1,24,0.2725694444444445
LTP228,ltpFR2,2,24,0.2743055555555555
LTP228,ltpFR2,3,24,0.2222222222222222
LTP228,ltpFR2,4,24,0.22569444444444445
LTP228,ltpFR2,5,24,0.18229166666666666
LTP228,ltpFR2,6,24,0.19444444444444445
LTP228,ltpFR2,7,24,0.21354166666666666
LTP228,ltpFR2,8,24,0.19791666666666666
LTP228,ltpFR2,9,24,0.14756944444444445
LTP228,ltpFR2,10,24,0.17708333333333334
LTP228,ltpFR2,11,24,0.22048611111111113
LTP228,ltpFR2,12,24,0.2152777777777778
LTP228,ltpFR2,13,24,0.19618055555555555
LTP228,ltpFR2,14,24,0.16666666666666666
LTP228,ltpFR2,15,24,0.19270833333333334
LTP228,ltpFR2,16,24,0.21006944444444445
LTP228,ltpFR2,17,24,0.1909722222222222
LTP228,ltpFR2,18,24,0.21701388888888887
LTP228,ltpFR2,19,24,0.15451388888888887
LTP228,ltpFR2,20,24,0.16145833333333334
LTP228,ltpFR2,21,24,0.1840277777777778
LTP228,ltpFR2,22,24,0.2569444444444445
LTP229,ltpFR2,0,24,0.4045138888888889
LTP229,ltpFR2,1,24,0.2604166666666667
LTP229,ltpFR2,2,24,0.21354166666666666
LTP229,ltpFR2,3,24,0.2760416666666667
LTP229,ltpFR2,4,24,0.2604166666666667
LTP229,ltpFR2,5,24,0.2152777777777778
LTP229,ltpFR2,6,24,0.2152777777777778
LTP229,ltpFR2,7,24,0.43402777777777773
LTP229,ltpFR2,8,24,0.40972222222222227
LTP229,ltpFR2,9,24,0.3454861111111111
LTP229,ltpFR2,10,24,0.3142361111111111
LTP229,ltpFR2,11,24,0.3315972222222222
LTP229,ltpFR2,12,24,0.3454861111111111
LTP229,ltpFR2,13,24,0.3107638888888889
LTP229,ltpFR2,14,24,0.21701388888888887
LTP229,ltpFR2,15,24,0.3142361111111111
LTP229,ltpFR2,16,24,0.27777777777777773
LTP229,ltpFR2,17,24,0.2621527777777778
LTP229,ltpFR2,18,24,0.24305555555555555
LTP229,ltpFR2,19,24,0.2378472222222222
LTP229,ltpFR2,20,24,0.2690972222222222
LTP229,ltpFR2,21,24,0.37152777777777773
LTP229,ltpFR2,22,24,0.3541666666666667
LTP236,ltpFR2,0,24,0.546875
LTP236,ltpFR2,1,24,0.6527777777777778
LTP236,ltpFR2,2,24,0.65625
LTP236,ltpFR2,3,24,0.6736111111111112
LTP236,ltpFR2,4,24,0.6684027777777778
LTP236,ltpFR2,5,24,0.6319444444444444
LTP236,ltpFR2,6,24,0.7013888888888888
LTP236,ltpFR2,7,24,0.6475694444444444
LTP236,ltpFR2,8,24,0.6145833333333334
LTP236,ltpFR2,9,24,0.6215277777777778
LTP236,ltpFR2,10,24,0.6684027777777778
LTP236,ltpFR2,11,24,0.6961805555555555
LTP236,ltpFR2,12,24,0.65625
LTP236,ltpFR2,13,24,0.595486111111111
LTP236,ltpFR2,14,24,0.6666666666666666
LTP236,ltpFR2,15,24,0.5989583333333334
LTP236,ltpFR2,16,24,0.5694444444444444
LTP236,ltpFR2,17,24,0.638888888888889
LTP236,ltpFR2,18,24,0.657986111111111
LTP236,ltpFR2,19,24,0.6024305555555556
LTP236,ltpFR2,20,24,0.6909722222222222
LTP236,ltpFR2,21,24,0.5625
LTP236,ltpFR2,22,24,0.6024305555555556
LTP242,ltpFR2,0,24,0.16493055555555555
LTP242,ltpFR2,1,24,0.22395833333333334
LTP246,ltpFR2,0,24,0.8715277777777778
LTP246,ltpFR2,1,24,0.9114583333333334
LTP246,ltpFR2,2,24,0.8628472222222222
LTP246,ltpFR2,3,24,0.8072916666666666
LTP246,ltpFR2,4,24,0.7482638888888888
LTP246,ltpFR2,5,24,0.6927083333333334
LTP246,ltpFR2,6,24,0.7048611111111112
LTP246,ltpFR2,7,24,0.765625
LTP246,ltpFR2,8,24,0.6979166666666666
LTP246,ltpFR2,9,24,0.6684027777777778
LTP246,ltpFR2,10,24,0.657986111111111
LTP246,ltpFR2,11,24,0.6510416666666666
LTP246,ltpFR2,12,24,0.5694444444444444
LTP246,ltpFR2,13,24,0.6909722222222222
LTP246,ltpFR2,14,24,0.7065972222222222
LTP246,ltpFR2,15,24,0.626736111111111
LTP246,ltpFR2,16,24,0.6024305555555556
LTP246,ltpFR2,17,24,0.6284722222222222
LTP246,ltpFR2,18,24,0.71875
LTP246,ltpFR2,19,24,0.6128472222222222
LTP246,ltpFR2,20,24,0.4947916666666667
LTP246,ltpFR2,21,24,0.6128472222222222
LTP246,ltpFR2,22,24,0.48090277777777773
LTP249,ltpFR2,0,24,0.34722222222222227
LTP249,ltpFR2,1,24,0.2864583333333333
LTP249,ltpFR2,2,24,0.3541666666666667
LTP249,ltpFR2,3,24,0.3680555555555556
LTP249,ltpFR2,4,24,0.4166666666666667
LTP249,ltpFR2,5,24,0.7413194444444445
LTP249,ltpFR2,6,24,0.5711805555555556
LTP249,ltpFR2,7,24,0.6006944444444444
LTP249,ltpFR2,8,24,0.5868055555555555
LTP249,ltpFR2,9,24,0.453125
LTP249,ltpFR2,10,24,0.4895833333333333
LTP249,ltpFR2,11,24,0.40972222222222227
LTP249,ltpFR2,12,24,0.4079861111111111
LTP249,ltpFR2,13,24,0.4513888888888889
LTP249,ltpFR2,14,24,0.3298611111111111
LTP249,ltpFR2,15,24,0.47222222222222227
LTP249,ltpFR2,16,24,0.3298611111111111
LTP249,ltpFR2,17,24,0.3420138888888889
LTP249,ltpFR2,18,24,0.3246527777777778
LTP249,ltpFR2,19,24,0.40625
LTP249,ltpFR2,20,24,0.4322916666666667
LTP249,ltpFR2,21,24,0.4149305555555556
LTP249,ltpFR2,22,24,0.4357638888888889
LTP250,ltpFR2,0,24,0.40625
LTP250,ltpFR2,1,24,0.4357638888888889
LTP250,ltpFR2,2,24,0.3645833333333333
LTP250,ltpFR2,3,24,0.2829861111111111
LTP250,ltpFR2,4,24,0.2517361111111111
LTP250,ltpFR2,5,24,0.2881944444444445
LTP250,ltpFR2,6,24,0.3993055555555556
LTP250,ltpFR2,7,24,0.4427083333333333
LTP250,ltpFR2,8,24,0.23263888888888887
LTP250,ltpFR2,9,24,0.3229166666666667
LTP250,ltpFR2,10,24,0.3489583333333333
LTP250,ltpFR2,11,24,0.37152777777777773
LTP250,ltpFR2,12,24,0.2760416666666667
LTP250,ltpFR2,13,24,0.3524305555555556
LTP250,ltpFR2,14,24,0.21701388888888887
LTP250,ltpFR2,15,24,0.2621527777777778
LTP250,ltpFR2,16,24,0.17013888888888887
LTP250,ltpFR2,18,24,0.21875
LTP250,ltpFR2,19,24,0.24305555555555555
LTP250,ltpFR2,20,24,0.16319444444444445
LTP250,ltpFR2,21,24,0.14756944444444445
LTP250,ltpFR2,22,24,0.13194444444444445
LTP251,ltpFR2,0,24,0.48090277777777773
LTP251,ltpFR2,1,24,0.576388888888889
LTP251,ltpFR2,2,24,0.5625
LTP251,ltpFR2,3,24,0.6371527777777778
LTP251,ltpFR2,4,24,0.3194444444444445
LTP251,ltpFR2,5,24,0.5694444444444444
LTP251,ltpFR2,6,24,0.576388888888889
LTP251,ltpFR2,7,24,0.4826388888888889
LTP251,ltpFR2,8,24,0.579861111111111
LTP251,ltpFR2,9,24,0.6788194444444445
LTP251,ltpFR2,10,24,0.7100694444444445
LTP251,ltpFR2,11,24,0.3767361111111111
LTP251,ltpFR2,12,24,0.6805555555555555
LTP251,ltpFR2,13,24,0.5677083333333334
LTP251,ltpFR2,14,24,0.5225694444444444
LTP251,ltpFR2,15,24,0.576388888888889
LTP251,ltpFR2,16,24,0.3229166666666667
LTP251,ltpFR2,17,24,0.3732638888888889
LTP251,ltpFR2,18,24,0.5208333333333334
LTP251,ltpFR2,19,24,0.6284722222222222
LTP251,ltpFR2,20,24,0.5225694444444444
LTP251,ltpFR2,21,24,0.654513888888889
LTP251,ltpFR2,22,24,0.44097222222222227
LTP258,ltpFR2,0,24,0.4583333333333333
LTP258,ltpFR2,1,24,0.4826388888888889
LTP258,ltpFR2,2,24,0.4791666666666667
LTP258,ltpFR2,3,24,0.5277777777777778
LTP258,ltpFR2,4,24,0.5069444444444444
LTP258,ltpFR2,5,24,0.5381944444444444
LTP258,ltpFR2,6,24,0.545138888888889
LTP258,ltpFR2,7,24,0.576388888888889
LTP258,ltpFR2,8,24,0.6163194444444444
LTP258,ltpFR2,9,24,0.5659722222222222
LTP258,ltpFR2,10,24,0.5416666666666666
LTP258,ltpFR2,11,24,0.5381944444444444
LTP258,ltpFR2,12,24,0.5729166666666666
LTP258,ltpFR2,13,24,0.595486111111111
LTP258,ltpFR2,14,24,0.53125
LTP258,ltpFR2,15,24,0.6336805555555556
LTP258,ltpFR2,16,24,0.576388888888889
LTP258,ltpFR2,17,24,0.4913194444444444
LTP258,ltpFR2,18,24,0.39409722222222227
LTP258,ltpFR2,19,24,0.5694444444444444
LTP258,ltpFR2,20,24,0.5190972222222222
LTP258,ltpFR2,21,24,0.5121527777777778
LTP258,ltpFR2,22,24,0.5972222222222222
LTP259,ltpFR2,0,24,0.7447916666666666
LTP259,ltpFR2,1,24,0.7430555555555555
LTP259,ltpFR2,2,24,0.595486111111111
LTP259,ltpFR2,3,24,0.6892361111111112
LTP259,ltpFR2,4,24,0.6822916666666666
LTP259,ltpFR2,5,24,0.7430555555555555
LTP259,ltpFR2,6,24,0.7239583333333334
LTP259,ltpFR2,7,24,0.578125
LTP259,ltpFR2,8,24,0.5625
LTP259,ltpFR2,9,24,0.7100694444444445
LTP259,ltpFR2,10,24,0.3611111111111111
LTP259,ltpFR2,11,24,0.2517361111111111
LTP259,ltpFR2,12,24,0.4305555555555556
LTP259,ltpFR2,13,24,0.3923611111111111
LTP259,ltpFR2,14,24,0.40972222222222227
LTP259,ltpFR2,15,24,0.2309027777777778
LTP259,ltpFR2,16,24,0.3854166666666667
LTP259,ltpFR2,17,24,0.7430555555555555
LTP259,ltpFR2,18,24,0.7621527777777778
LTP259,ltpFR2,19,24,0.328125
LTP259,ltpFR2,20,24,0.5590277777777778
LTP259,ltpFR2,21,24,0.7291666666666666
LTP259,ltpFR2,22,24,0.5190972222222222
LTP260,ltpFR2,0,24,0.6145833333333334
LTP260,ltpFR2,1,24,0.6892361111111112
LTP260,ltpFR2,2,24,0.8506944444444445
LTP260,ltpFR2,3,24,0.9201388888888888
LTP260,ltpFR2,4,24,0.90625
LTP260,ltpFR2,5,24,0.8229166666666666
LTP260,ltpFR2,6,24,0.8854166666666666
LTP260,ltpFR2,7,24,0.8680555555555555
LTP260,ltpFR2,8,24,0.8506944444444445
LTP260,ltpFR2,9,24,0.8489583333333334
LTP260,ltpFR2,10,24,0.8055555555555555
LTP260,ltpFR2,11,24,0.8784722222222222
LTP260,ltpFR2,12,24,0.7569444444444445
LTP260,ltpFR2,13,24,0.6215277777777778
LTP260,ltpFR2,14,24,0.9010416666666666
LTP260,ltpFR2,15,24,0.9010416666666666
LTP260,ltpFR2,16,24,0.9027777777777778
LTP260,ltpFR2,17,24,0.8142361111111112
LTP260,ltpFR2,18,24,0.890625
LTP260,ltpFR2,19,24,0.90625
LTP260,ltpFR2,20,24,0.84375
LTP260,ltpFR2,21,24,0.8159722222222222
LTP260,ltpFR2,22,24,0.859375
LTP265,ltpFR2,0,24,0.4600694444444444
LTP265,ltpFR2,1,24,0.36284722222222227
LTP265,ltpFR2,2,24,0.34027777777777773
LTP265,ltpFR2,3,24,0.517361111111111
LTP265,ltpFR2,4,24,0.7326388888888888
LTP265,ltpFR2,5,24,0.6996527777777778
LTP265,ltpFR2,6,24,0.7326388888888888
LTP265,ltpFR2,7,24,0.7413194444444445
LTP265,ltpFR2,8,24,0.5815972222222222
LTP265,ltpFR2,9,24,0.6927083333333334
LTP265,ltpFR2,10,24,0.8559027777777778
LTP265,ltpFR2,11,24,0.5868055555555556
LTP265,ltpFR2,12,24,0.7986111111111112
LTP265,ltpFR2,13,24,0.7482638888888888
LTP265,ltpFR2,14,24,0.6753472222222222
LTP265,ltpFR2,15,24,0.7083333333333334
LTP265,ltpFR2,16,24,0.532986111111111
LTP265,ltpFR2,17,24,0.7864583333333334
LTP265,ltpFR2,18,24,0.8263888888888888
LTP265,ltpFR2,19,24,0.548611111111111
LTP265,ltpFR2,20,24,0.657986111111111
LTP265,ltpFR2,21,24,0.625
LTP265,ltpFR2,22,24,0.5347222222222222
LTP269,ltpFR2,0,24,0.6805555555555555
LTP269,ltpFR2,1,24,0.560763888888889
LTP269,ltpFR2,2,24,0.625
LTP269,ltpFR2,3,24,0.515625
LTP269,ltpFR2,4,24,0.328125
LTP269,ltpFR2,5,24,0.6163194444444444
LTP269,ltpFR2,6,24,0.5868055555555556
LTP269,ltpFR2,7,24,0.578125
LTP269,ltpFR2,8,24,0.4982638888888889
LTP269,ltpFR2,9,24,0.3888888888888889
LTP269,ltpFR2,10,24,0.3663194444444444
LTP269,ltpFR2,11,24,0.3003472222222222
LTP269,ltpFR2,12,24,0.3246527777777778
LTP269,ltpFR2,13,24,0.6215277777777778
LTP269,ltpFR2,14,24,0.5364583333333334
LTP269,ltpFR2,15,24,0.3576388888888889
LTP269,ltpFR2,16,24,0.4982638888888889
LTP269,ltpFR2,17,24,0.4045138888888889
LTP269,ltpFR2,18,24,0.3524305555555556
LTP269,ltpFR2,19,24,0.3611111111111111
LTP269,ltpFR2,20,24,0.3229166666666667
LTP269,ltpFR2,21,24,0.4166666666666667
LTP269,ltpFR2,22,24,0.44965277777777773
LTP273,ltpFR2,0,24,0.1423611111111111
LTP273,ltpFR2,1,24,0.13715277777777776
LTP273,ltpFR2,2,24,0.2986111111111111
LTP273,ltpFR2,3,24,0.4618055555555556
LTP273,ltpFR2,4,24,0.3524305555555556
LTP273,ltpFR2,5,24,0.2621527777777778
LTP273,ltpFR2,6,24,0.171875
LTP273,ltpFR2,7,24,0.06944444444444443
LTP273,ltpFR2,8,24,0.19791666666666666
LTP273,ltpFR2,9,24,0.13368055555555555
LTP273,ltpFR2,10,24,0.1388888888888889
LTP273,ltpFR2,11,24,0.27777777777777773
LTP273,ltpFR2,12,24,0.14409722222222224
LTP273,ltpFR2,13,24,0.16145833333333334
LTP273,ltpFR2,14,24,0.1840277777777778
LTP273,ltpFR2,15,24,0.2552083333333333
LTP273,ltpFR2,16,24,0.2552083333333333
LTP273,ltpFR2,17,24,0.24305555555555555
LTP273,ltpFR2,18,24,0.20486111111111113
LTP273,ltpFR2,19,24,0.1267361111111111
LTP273,ltpFR2,20,24,0.1423611111111111
LTP273,ltpFR2,21,24,0.3263888888888889
LTP273,ltpFR2,22,24,0.15972222222222224
LTP274,ltpFR2,0,24,0.2465277777777778
LTP274,ltpFR2,1,24,0.09027777777777778
LTP274,ltpFR2,2,24,0.3541666666666667
LTP274,ltpFR2,3,24,0.2517361111111111
LTP278,ltpFR2,0,24,0.4774305555555556
LTP278,ltpFR2,1,24,0.4079861111111111
LTP278,ltpFR2,2,24,0.16319444444444445
LTP278,ltpFR2,3,24,0.22048611111111113
LTP278,ltpFR2,4,24,0.2881944444444445
LTP278,ltpFR2,5,24,0.16319444444444445
LTP278,ltpFR2,6,24,0.2222222222222222
LTP278,ltpFR2,7,24,0.2222222222222222
LTP278,ltpFR2,8,24,0.17013888888888887
LTP278,ltpFR2,9,24,0.24305555555555555
LTP278,ltpFR2,10,24,0.1840277777777778
LTP278,ltpFR2,11,24,0.19270833333333334
LTP278,ltpFR2,12,24,0.21701388888888887
LTP278,ltpFR2,13,24,0.19270833333333334
LTP278,ltpFR2,14,24,0.140625
LTP278,ltpFR2,15,24,0.16145833333333334
LTP278,ltpFR2,16,24,0.16493055555555555
LTP278,ltpFR2,17,24,0.22048611111111113
LTP278,ltpFR2,18,24,0.1284722222222222
LTP278,ltpFR2,19,24,0.17708333333333334
LTP278,ltpFR2,20,24,0.17361111111111113
LTP278,ltpFR2,21,24,0.140625
LTP278,ltpFR2,22,24,0.14756944444444445
LTP279,ltpFR2,0,24,0.6475694444444444
LTP279,ltpFR2,1,24,0.6892361111111112
LTP279,ltpFR2,2,24,0.71875
LTP279,ltpFR2,3,24,0.6180555555555556
LTP279,ltpFR2,4,24,0.4930555555555556
LTP279,ltpFR2,5,24,0.5711805555555556
LTP279,ltpFR2,6,24,0.6996527777777778
LTP279,ltpFR2,7,24,0.6684027777777778
LTP279,ltpFR2,8,24,0.5694444444444444
LTP279,ltpFR2,9,24,0.6024305555555556
LTP279,ltpFR2,10,24,0.3923611111111111
LTP279,ltpFR2,11,24,0.3888888888888889
LTP279,ltpFR2,12,24,0.5277777777777778
LTP279,ltpFR2,13,24,0.4704861111111111
LTP279,ltpFR2,14,24,0.5555555555555556
LTP279,ltpFR2,15,24,0.6701388888888888
LTP279,ltpFR2,16,24,0.34722222222222227
LTP279,ltpFR2,17,24,0.4201388888888889
LTP279,ltpFR2,18,24,0.46875
LTP279,ltpFR2,19,24,0.5625
LTP279,ltpFR2,20,24,0.6180555555555556
LTP279,ltpFR2,21,24,0.3142361111111111
LTP279,ltpFR2,22,24,0.4114583333333333
LTP280,ltpFR2,0,24,0.22395833333333334
LTP280,ltpFR2,1,24,0.2777777777777778
LTP280,ltpFR2,2,24,0.3315972222222222
LTP280,ltpFR2,3,24,0.3194444444444445
LTP280,ltpFR2,4,24,0.2604166666666667
LTP280,ltpFR2,5,24,0.3315972222222222
LTP280,ltpFR2,6,24,0.3454861111111111
LTP280,ltpFR2,7,24,0.2621527777777778
LTP280,ltpFR2,8,24,0.3229166666666667
LTP280,ltpFR2,9,24,0.3958333333333333
LTP280,ltpFR2,10,24,0.3020833333333333
LTP280,ltpFR2,11,24,0.3211805555555555
LTP280,ltpFR2,12,24,0.3420138888888889
LTP280,ltpFR2,13,24,0.2534722222222222
LTP280,ltpFR2,14,24,0.3298611111111111
LTP280,ltpFR2,15,24,0.36284722222222227
LTP280,ltpFR2,16,24,0.3489583333333333
LTP280,ltpFR2,17,24,0.3611111111111111
LTP280,ltpFR2,18,24,0.35590277777777773
LTP280,ltpFR2,19,24,0.2951388888888889
LTP280,ltpFR2,20,24,0.3350694444444444
LTP280,ltpFR2,21,24,0.3159722222222222
LTP280,ltpFR2,22,24,0.3975694444444444
LTP281,ltpFR2,0,24,0.3072916666666667
LTP281,ltpFR2,1,24,0.20833333333333334
LTP283,ltpFR2,0,24,0.5902777777777778
LTP283,ltpFR2,1,24,0.5711805555555556
LTP283,ltpFR2,2,24,0.609375
LTP283,ltpFR2,3,24,0.6006944444444444
LTP283,ltpFR2,4,24,0.7413194444444445
LTP283,ltpFR2,5,24,0.4913194444444444
LTP283,ltpFR2,6,24,0.703125
LTP283,ltpFR2,7,24,0.513888888888889
LTP283,ltpFR2,8,24,0.7222222222222222
LTP283,ltpFR2,9,24,0.8159722222222222
LTP283,ltpFR2,10,24,0.609375
LTP283,ltpFR2,11,24,0.4479166666666667
LTP283,ltpFR2,12,24,0.607638888888889
LTP283,ltpFR2,13,24,0.7413194444444445
LTP283,ltpFR2,14,24,0.7864583333333334
LTP283,ltpFR2,15,24,0.7829861111111112
LTP283,ltpFR2,16,24,0.6145833333333334
LTP283,ltpFR2,17,24,0.6631944444444444
LTP283,ltpFR2,18,24,0.7309027777777778
LTP283,ltpFR2,19,24,0.564236111111111
LTP283,ltpFR2,20,24,0.6319444444444444
LTP283,ltpFR2,21,24,0.71875
LTP283,ltpFR2,22,24,0.6909722222222222
LTP285,ltpFR2,0,24,0.529513888888889
LTP285,ltpFR2,1,24,0.4826388888888889
LTP285,ltpFR2,2,24,0.48090277777777773
LTP285,ltpFR2,3,24,0.4322916666666667
LTP285,ltpFR2,4,24,0.4635416666666667
LTP285,ltpFR2,5,24,0.484375
LTP285,ltpFR2,6,24,0.5086805555555556
LTP285,ltpFR2,7,24,0.49652777777777773
LTP285,ltpFR2,8,24,0.53125
LTP285,ltpFR2,9,24,0.4947916666666667
LTP285,ltpFR2,10,24,0.5885416666666666
LTP285,ltpFR2,11,24,0.5260416666666666
LTP285,ltpFR2,12,24,0.4930555555555556
LTP285,ltpFR2,13,24,0.53125
LTP285,ltpFR2,14,24,0.5381944444444444
LTP285,ltpFR2,15,24,0.5746527777777778
LTP285,ltpFR2,16,24,0.5520833333333334
LTP285,ltpFR2,17,24,0.546875
LTP285,ltpFR2,18,24,0.5902777777777778
LTP285,ltpFR2,19,24,0.548611111111111
LTP285,ltpFR2,20,24,0.5416666666666666
LTP285,ltpFR2,21,24,0.5659722222222222
LTP285,ltpFR2,22,24,0.5538194444444444
LTP287,ltpFR2,0,24,0.3055555555555555
LTP287,ltpFR2,1,24,0.2881944444444445
LTP287,ltpFR2,2,24,0.2899305555555555
LTP287,ltpFR2,3,24,0.2378472222222222
LTP287,ltpFR2,4,24,0.2152777777777778
LTP287,ltpFR2,5,24,0.22916666666666666
LTP287,ltpFR2,6,24,0.18576388888888887
LTP287,ltpFR2,7,24,0.20486111111111113
LTP287,ltpFR2,8,24,0.203125
LTP287,ltpFR2,9,24,0.21701388888888887
LTP287,ltpFR2,10,24,0.17013888888888887
LTP287,ltpFR2,11,24,0.2708333333333333
LTP287,ltpFR2,12,24,0.2604166666666667
LTP287,ltpFR2,13,24,0.2152777777777778
LTP287,ltpFR2,14,24,0.2829861111111111
LTP287,ltpFR2,15,24,0.22048611111111113
LTP287,ltpFR2,16,24,0.10243055555555554
LTP287,ltpFR2,17,24,0.20486111111111113
LTP287,ltpFR2,18,24,0.21006944444444445
LTP287,ltpFR2,19,24,0.1579861111111111
LTP287,ltpFR2,20,24,0.22569444444444445
LTP287,ltpFR2,21,24,0.20486111111111113
LTP287,ltpFR2,22,24,0.1527777777777778
LTP290,ltpFR2,0,24,0.40972222222222227
LTP290,ltpFR2,1,24,0.41840277777777773
LTP290,ltpFR2,2,24,0.5347222222222222
LTP290,ltpFR2,3,24,0.4201388888888889
LTP290,ltpFR2,4,24,0.18055555555555555
LTP290,ltpFR2,5,24,0.17708333333333334
LTP290,ltpFR2,6,24,0.24479166666666666
LTP290,ltpFR2,7,24,0.22569444444444445
LTP290,ltpFR2,8,24,0.3819444444444444
LTP290,ltpFR2,9,24,0.2777777777777778
LTP290,ltpFR2,10,24,0.14583333333333334
LTP290,ltpFR2,11,24,0.18923611111111113
LTP290,ltpFR2,12,24,0.5277777777777778
LTP290,ltpFR2,13,24,0.19618055555555555
LTP290,ltpFR2,14,24,0.3315972222222222
LTP290,ltpFR2,15,24,0.13715277777777776
LTP293,ltpFR2,0,24,0.48090277777777773
LTP293,ltpFR2,1,24,0.5260416666666666
LTP293,ltpFR2,2,24,0.545138888888889
LTP293,ltpFR2,3,24,0.46875
LTP293,ltpFR2,4,24,0.5243055555555556
LTP293,ltpFR2,5,24,0.4947916666666667
LTP293,ltpFR2,6,24,0.5538194444444444
LTP293,ltpFR2,7,24,0.5538194444444444
LTP293,ltpFR2,8,24,0.532986111111111
LTP293,ltpFR2,9,24,0.4166666666666667
LTP293,ltpFR2,10,24,0.4930555555555556
LTP293,ltpFR2,11,24,0.5190972222222222
LTP293,ltpFR2,12,24,0.5069444444444444
LTP293,ltpFR2,13,24,0.5434027777777778
LTP293,ltpFR2,14,24,0.46527777777777773
LTP293,ltpFR2,15,24,0.501736111111111
LTP293,ltpFR2,16,24,0.513888888888889
LTP293,ltpFR2,17,24,0.39409722222222227
LTP293,ltpFR2,18,24,0.5277777777777778
LTP293,ltpFR2,19,24,0.4583333333333333
LTP293,ltpFR2,20,24,0.37847222222222227
LTP293,ltpFR2,21,24,0.5381944444444444
LTP293,ltpFR2,22,24,0.4618055555555556
LTP295,ltpFR2,0,24,0.7413194444444445
LTP295,ltpFR2,1,24,0.8229166666666666
LTP295,ltpFR2,2,24,0.78125
LTP295,ltpFR2,3,24,0.7986111111111112
LTP295,ltpFR2,4,24,0.8559027777777778
LTP295,ltpFR2,5,24,0.8524305555555555
LTP295,ltpFR2,6,24,0.8489583333333334
LTP295,ltpFR2,7,24,0.8559027777777778
LTP295,ltpFR2,8,24,0.8420138888888888
LTP295,ltpFR2,9,24,0.8732638888888888
LTP295,ltpFR2,10,24,0.8611111111111112
LTP295,ltpFR2,11,24,0.8680555555555555
LTP295,ltpFR2,12,24,0.8940972222222222
LTP295,ltpFR2,13,24,0.8611111111111112
LTP295,ltpFR2,14,24,0.875
LTP295,ltpFR2,15,24,0.9375
LTP295,ltpFR2,16,24,0.8819444444444445
LTP295,ltpFR2,17,24,0.8819444444444445
LTP295,ltpFR2,18,24,0.8715277777777778
LTP295,ltpFR2,19,24,0.8940972222222222
LTP295,ltpFR2,20,24,0.8333333333333334
LTP295,ltpFR2,21,24,0.8524305555555555
LTP295,ltpFR2,22,24,0.9166666666666666
LTP296,ltpFR2,0,24,0.3020833333333333
LTP296,ltpFR2,1,24,0.3142361111111111
LTP296,ltpFR2,2,24,0.3246527777777778
LTP296,ltpFR2,3,24,0.3645833333333333
LTP296,ltpFR2,4,24,0.3315972222222222
LTP296,ltpFR2,5,24,0.39409722222222227
LTP296,ltpFR2,6,24,0.3541666666666667
LTP296,ltpFR2,7,24,0.3611111111111111
LTP296,ltpFR2,8,24,0.4131944444444444
LTP296,ltpFR2,9,24,0.40972222222222227
LTP296,ltpFR2,10,24,0.40625
LTP296,ltpFR2,11,24,0.38715277777777773
LTP296,ltpFR2,12,24,0.3819444444444444
LTP296,ltpFR2,13,24,0.4045138888888889
LTP296,ltpFR2,14,24,0.42534722222222227
LTP296,ltpFR2,15,24,0.4895833333333333
LTP296,ltpFR2,16,24,0.45659722222222215
LTP296,ltpFR2,17,24,0.44097222222222227
LTP296,ltpFR2,18,24,0.4288194444444444
LTP296,ltpFR2,19,24,0.44097222222222227
LTP296,ltpFR2,20,24,0.4288194444444444
LTP296,ltpFR2,21,24,0.4704861111111111
LTP296,ltpFR2,22,24,0.4392361111111111
LTP297,ltpFR2,0,24,0.3090277777777778
LTP297,ltpFR2,1,24,0.3958333333333333
LTP297,ltpFR2,2,24,0.3315972222222222
LTP297,ltpFR2,3,24,0.3246527777777778
LTP297,ltpFR2,4,24,0.3819444444444444
LTP297,ltpFR2,5,24,0.3159722222222222
LTP297,ltpFR2,6,24,0.3020833333333333
LTP297,ltpFR2,7,24,0.3194444444444445
LTP297,ltpFR2,8,24,0.35590277777777773
LTP297,ltpFR2,9,24,0.5104166666666666
LTP297,ltpFR2,10,24,0.49652777777777773
LTP297,ltpFR2,11,24,0.53125
LTP297,ltpFR2,12,24,0.4079861111111111
LTP297,ltpFR2,13,24,0.5659722222222222
LTP297,ltpFR2,14,24,0.5190972222222222
LTP297,ltpFR2,15,24,0.3732638888888889
LTP297,ltpFR2,16,24,0.4322916666666667
LTP297,ltpFR2,17,24,0.375
LTP297,ltpFR2,18,24,0.4947916666666667
LTP297,ltpFR2,19,24,0.4305555555555556
LTP297,ltpFR2,20,24,0.654513888888889
LTP297,ltpFR2,21,24,0.46875
LTP297,ltpFR2,22,24,0.3888888888888889
LTP298,ltpFR2,0,24,0.38715277777777773
LTP298,ltpFR2,1,24,0.39409722222222227
LTP298,ltpFR2,2,24,0.7222222222222222
LTP298,ltpFR2,3,24,0.6822916666666666
LTP298,ltpFR2,4,24,0.3420138888888889
LTP298,ltpFR2,5,24,0.5052083333333334
LTP298,ltpFR2,6,24,0.609375
LTP298,ltpFR2,7,24,0.40277777777777773
LTP298,ltpFR2,8,24,0.4739583333333333
LTP298,ltpFR2,9,1,0.0
LTP298,ltpFR2,9,24,0.3240740740740741
LTP298,ltpFR2,10,24,0.2972222222222222
LTP298,ltpFR2,11,24,0.3333333333333333
LTP299,ltpFR2,0,24,0.4895833333333333
LTP299,ltpFR2,1,24,0.4930555555555556
LTP299,ltpFR2,2,24,0.5711805555555556
LTP299,ltpFR2,3,24,0.5416666666666666
LTP299,ltpFR2,4,24,0.5104166666666666
LTP299,ltpFR2,5,24,0.6197916666666666
LTP299,ltpFR2,6,24,0.4895833333333333
LTP299,ltpFR2,7,24,0.5069444444444444
LTP299,ltpFR2,8,24,0.4548611111111111
LTP299,ltpFR2,9,24,0.4392361111111111
LTP299,ltpFR2,10,24,0.4461805555555556
LTP299,ltpFR2,11,24,0.46527777777777773
LTP299,ltpFR2,12,24,0.4513888888888889
LTP299,ltpFR2,13,24,0.47048611111111116
LTP299,ltpFR2,14,24,0.3298611111111111
LTP299,ltpFR2,15,24,0.37847222222222227
LTP299,ltpFR2,16,24,0.3645833333333333
LTP299,ltpFR2,17,24,0.5729166666666666
LTP299,ltpFR2,18,24,0.532986111111111
LTP299,ltpFR2,19,24,0.4513888888888889
LTP299,ltpFR2,20,24,0.4236111111111111
LTP299,ltpFR2,21,24,0.3802083333333333
LTP299,ltpFR2,22,24,0.3993055555555556
LTP300,ltpFR2,0,24,0.607638888888889
LTP300,ltpFR2,1,24,0.576388888888889
LTP300,ltpFR2,2,24,0.595486111111111
LTP300,ltpFR2,3,24,0.3819444444444444
LTP300,ltpFR2,4,24,0.4583333333333333
LTP300,ltpFR2,5,24,0.4774305555555556
LTP300,ltpFR2,6,24,0.39409722222222227
LTP300,ltpFR2,7,24,0.3680555555555556
LTP301,ltpFR2,0,24,0.3246527777777778
LTP301,ltpFR2,1,24,0.2795138888888889
LTP301,ltpFR2,2,24,0.23958333333333334
LTP301,ltpFR2,3,24,0.22569444444444445
LTP301,ltpFR2,4,24,0.2222222222222222
LTP301,ltpFR2,5,24,0.1875
LTP301,ltpFR2,6,24,0.20833333333333334
LTP301,ltpFR2,7,24,0.16666666666666666
LTP301,ltpFR2,8,24,0.16666666666666666
LTP301,ltpFR2,9,24,0.15972222222222224
LTP301,ltpFR2,10,24,0.1840277777777778
LTP301,ltpFR2,11,24,0.21006944444444445
LTP301,ltpFR2,12,24,0.171875
LTP301,ltpFR2,13,24,0.15104166666666666
LTP301,ltpFR2,14,24,0.18229166666666666
LTP301,ltpFR2,15,24,0.1579861111111111
LTP301,ltpFR2,16,24,0.14756944444444445
LTP301,ltpFR2,17,24,0.1684027777777778
LTP301,ltpFR2,18,24,0.24479166666666666
LTP301,ltpFR2,19,24,0.2517361111111111
LTP301,ltpFR2,20,24,0.24305555555555555
LTP301,ltpFR2,21,24,0.2465277777777778
LTP301,ltpFR2,22,24,0.2638888888888889
LTP302,ltpFR2,0,24,0.375
LTP302,ltpFR2,1,24,0.4114583333333333
LTP302,ltpFR2,2,24,0.3333333333333333
LTP302,ltpFR2,3,24,0.28125
LTP302,ltpFR2,4,24,0.3125
LTP302,ltpFR2,5,24,0.3072916666666667
LTP302,ltpFR2,6,24,0.5572916666666666
LTP302,ltpFR2,7,24,0.4166666666666667
LTP302,ltpFR2,8,24,0.4774305555555556
LTP302,ltpFR2,9,24,0.5381944444444444
LTP302,ltpFR2,10,24,0.4913194444444444
LTP302,ltpFR2,11,24,0.4305555555555556
LTP302,ltpFR2,12,24,0.4826388888888889
LTP302,ltpFR2,13,24,0.328125
LTP302,ltpFR2,14,24,0.3368055555555556
LTP302,ltpFR2,15,24,0.38715277777777773
LTP302,ltpFR2,16,24,0.3993055555555556
LTP302,ltpFR2,17,24,0.3819444444444444
LTP302,ltpFR2,18,24,0.4045138888888889
LTP302,ltpFR2,19,24,0.40277777777777773
LTP302,ltpFR2,20,24,0.4010416666666667
LTP302,ltpFR2,21,24,0.4131944444444444
LTP302,ltpFR2,22,24,0.4479166666666667
LTP303,ltpFR2,0,24,0.7986111111111112
LTP303,ltpFR2,1,24,0.8315972222222222
LTP303,ltpFR2,2,24,0.8611111111111112
LTP303,ltpFR2,3,24,0.8211805555555555
LTP303,ltpFR2,4,24,0.7760416666666666
LTP303,ltpFR2,5,24,0.8836805555555555
LTP303,ltpFR2,6,24,0.7430555555555555
LTP303,ltpFR2,7,24,0.8090277777777778
LTP303,ltpFR2,8,24,0.7256944444444445
LTP303,ltpFR2,9,24,0.7743055555555555
LTP303,ltpFR2,10,24,0.6701388888888888
LTP303,ltpFR2,11,24,0.5086805555555556
LTP303,ltpFR2,12,24,0.576388888888889
LTP303,ltpFR2,13,24,0.5086805555555556
LTP303,ltpFR2,14,24,0.5520833333333334
LTP303,ltpFR2,15,24,0.6927083333333334
LTP303,ltpFR2,16,24,0.5954861111111112
LTP303,ltpFR2,17,24,0.890625
LTP303,ltpFR2,18,24,0.8611111111111112
LTP303,ltpFR2,19,24,0.8888888888888888
LTP303,ltpFR2,20,24,0.8975694444444445
LTP303,ltpFR2,21,24,0.8142361111111112
LTP303,ltpFR2,22,24,0.8715277777777778
LTP304,ltpFR2,0,24,0.5572916666666666
LTP304,ltpFR2,1,24,0.532986111111111
LTP304,ltpFR2,2,24,0.6927083333333334
LTP304,ltpFR2,3,24,0.6163194444444444
LTP304,ltpFR2,4,24,0.6284722222222222
LTP304,ltpFR2,5,24,0.7083333333333334
LTP304,ltpFR2,6,24,0.592013888888889
LTP304,ltpFR2,7,24,0.6284722222222222
LTP304,ltpFR2,8,24,0.6163194444444444
LTP304,ltpFR2,9,24,0.515625
LTP304,ltpFR2,10,24,0.560763888888889
LTP304,ltpFR2,11,24,0.4947916666666667
LTP304,ltpFR2,12,24,0.7222222222222222
LTP304,ltpFR2,13,24,0.3854166666666667
LTP304,ltpFR2,14,24,0.6892361111111112
LTP304,ltpFR2,15,24,0.3923611111111111
LTP304,ltpFR2,16,24,0.5347222222222222
LTP304,ltpFR2,17,24,0.5677083333333334
LTP304,ltpFR2,18,24,0.5069444444444444
LTP304,ltpFR2,19,24,0.6736111111111112
LTP304,ltpFR2,20,24,0.4739583333333333
LTP304,ltpFR2,21,24,0.6458333333333334
LTP304,ltpFR2,22,24,0.4895833333333333
LTP305,ltpFR2,0,24,0.3142361111111111
LTP305,ltpFR2,1,24,0.3697916666666667
LTP305,ltpFR2,2,24,0.22395833333333334
LTP305,ltpFR2,3,24,0.2916666666666667
LTP305,ltpFR2,4,24,0.234375
LTP305,ltpFR2,5,24,0.1875
LTP305,ltpFR2,6,24,0.17013888888888887
LTP305,ltpFR2,7,24,0.140625
LTP305,ltpFR2,8,24,0.1111111111111111
LTP305,ltpFR2,9,24,0.13541666666666666
LTP305,ltpFR2,10,24,0.11631944444444443
LTP305,ltpFR2,11,24,0.16666666666666666
LTP305,ltpFR2,12,24,0.11458333333333333
LTP305,ltpFR2,13,24,0.09895833333333333
LTP305,ltpFR2,14,24,0.10590277777777778
LTP305,ltpFR2,15,24,0.09722222222222222
LTP305,ltpFR2,16,24,0.15625
LTP305,ltpFR2,17,24,0.24305555555555555
LTP305,ltpFR2,18,24,0.2638888888888889
LTP305,ltpFR2,19,24,0.2847222222222222
LTP305,ltpFR2,20,24,0.3125
LTP305,ltpFR2,21,24,0.3888888888888889
LTP305,ltpFR2,22,24,0.390625
LTP306,ltpFR2,0,24,0.4479166666666667
LTP306,ltpFR2,1,24,0.5659722222222222
LTP306,ltpFR2,2,24,0.609375
LTP306,ltpFR2,3,24,0.6006944444444444
LTP306,ltpFR2,4,24,0.6909722222222222
LTP306,ltpFR2,5,24,0.7291666666666666
LTP306,ltpFR2,6,24,0.7083333333333334
LTP306,ltpFR2,7,24,0.7951388888888888
LTP306,ltpFR2,8,24,0.5625
LTP306,ltpFR2,9,24,0.7829861111111112
LTP306,ltpFR2,10,24,0.7604166666666666
LTP306,ltpFR2,11,24,0.6041666666666666
LTP306,ltpFR2,12,24,0.7413194444444445
LTP306,ltpFR2,13,24,0.6493055555555556
LTP306,ltpFR2,14,24,0.6892361111111112
LTP306,ltpFR2,15,24,0.5590277777777778
LTP306,ltpFR2,16,24,0.4913194444444444
LTP306,ltpFR2,17,24,0.6770833333333334
LTP306,ltpFR2,18,24,0.578125
LTP306,ltpFR2,19,24,0.640625
LTP306,ltpFR2,20,24,0.6059027777777778
LTP306,ltpFR2,21,24,0.6701388888888888
LTP306,ltpFR2,22,24,0.4982638888888889
LTP307,ltpFR2,0,24,0.6180555555555556
LTP307,ltpFR2,1,24,0.6336805555555556
LTP307,ltpFR2,2,24,0.548611111111111
LTP307,ltpFR2,3,24,0.5052083333333334
LTP307,ltpFR2,4,24,0.7170138888888888
LTP307,ltpFR2,5,24,0.609375
LTP307,ltpFR2,6,24,0.6909722222222222
LTP307,ltpFR2,7,24,0.5850694444444444
LTP307,ltpFR2,8,24,0.6770833333333334
LTP307,ltpFR2,9,24,0.607638888888889
LTP307,ltpFR2,10,24,0.7118055555555555
LTP307,ltpFR2,11,24,0.703125
LTP307,ltpFR2,12,24,0.6180555555555556
LTP307,ltpFR2,13,24,0.7829861111111112
LTP307,ltpFR2,14,24,0.7048611111111112
LTP307,ltpFR2,15,24,0.578125
LTP307,ltpFR2,16,24,0.642361111111111
LTP307,ltpFR2,17,24,0.6128472222222222
LTP307,ltpFR2,18,24,0.6805555555555555
LTP307,ltpFR2,19,24,0.7118055555555555
LTP307,ltpFR2,20,24,0.6736111111111112
LTP307,ltpFR2,21,24,0.671875
LTP307,ltpFR2,22,24,0.5659722222222222
LTP308,ltpFR2,0,24,0.3732638888888889
LTP308,ltpFR2,1,24,0.41840277777777773
LTP309,ltpFR2,0,24,0.2881944444444445
LTP310,ltpFR2,0,24,0.6909722222222222
LTP310,ltpFR2,1,24,0.59375
LTP310,ltpFR2,2,24,0.625
LTP310,ltpFR2,3,24,0.7743055555555555
LTP310,ltpFR2,4,24,0.7795138888888888
LTP310,ltpFR2,5,24,0.7152777777777778
LTP310,ltpFR2,6,24,0.595486111111111
LTP310,ltpFR2,7,24,0.53125
LTP310,ltpFR2,8,24,0.71875
LTP310,ltpFR2,9,24,0.6041666666666666
LTP310,ltpFR2,10,24,0.6163194444444444
LTP310,ltpFR2,11,24,0.5520833333333334
LTP310,ltpFR2,12,24,0.59375
LTP310,ltpFR2,13,24,0.592013888888889
LTP310,ltpFR2,14,24,0.4895833333333333
LTP310,ltpFR2,15,24,0.6927083333333334
LTP310,ltpFR2,16,24,0.6944444444444445
LTP310,ltpFR2,17,24,0.5052083333333334
LTP310,ltpFR2,18,24,0.5503472222222222
LTP310,ltpFR2,19,24,0.576388888888889
LTP310,ltpFR2,20,24,0.5208333333333334
LTP310,ltpFR2,21,24,0.5347222222222222
LTP310,ltpFR2,22,24,0.5104166666666666
LTP311,ltpFR2,0,24,0.6475694444444444
LTP311,ltpFR2,1,24,0.609375
LTP311,ltpFR2,2,24,0.5677083333333334
LTP311,ltpFR2,3,24,0.5208333333333334
LTP311,ltpFR2,4,24,0.6736111111111112
LTP311,ltpFR2,5,24,0.625
LTP311,ltpFR2,6,24,0.501736111111111
LTP311,ltpFR2,7,24,0.592013888888889
LTP311,ltpFR2,8,24,0.5746527777777778
LTP311,ltpFR2,9,24,0.6371527777777778
LTP311,ltpFR2,10,24,0.6458333333333334
LTP311,ltpFR2,11,24,0.7326388888888888
LTP311,ltpFR2,12,24,0.6527777777777778
LTP311,ltpFR2,13,24,0.640625
LTP311,ltpFR2,14,24,0.5225694444444444
LTP311,ltpFR2,15,24,0.4913194444444444
LTP311,ltpFR2,16,24,0.5833333333333334
LTP311,ltpFR2,17,24,0.5677083333333334
LTP311,ltpFR2,18,24,0.6163194444444444
LTP311,ltpFR2,19,24,0.703125
LTP311,ltpFR2,20,24,0.6059027777777778
LTP311,ltpFR2,21,24,0.642361111111111
LTP311,ltpFR2,22,24,0.578125
LTP312,ltpFR2,0,24,0.3541666666666667
LTP312,ltpFR2,1,24,0.3385416666666667
LTP312,ltpFR2,2,24,0.3645833333333333
LTP312,ltpFR2,3,24,0.3680555555555556
LTP312,ltpFR2,4,24,0.2899305555555556
LTP312,ltpFR2,5,24,0.2795138888888889
LTP312,ltpFR2,6,24,0.2517361111111111
LTP312,ltpFR2,7,24,0.3489583333333333
LTP312,ltpFR2,8,24,0.2725694444444445
LTP312,ltpFR2,9,24,0.2864583333333333
LTP312,ltpFR2,10,24,0.2899305555555555
LTP312,ltpFR2,11,24,0.34027777777777773
LTP312,ltpFR2,12,24,0.34375
LTP312,ltpFR2,13,24,0.39409722222222227
LTP312,ltpFR2,14,24,0.3819444444444444
LTP312,ltpFR2,15,24,0.3576388888888889
LTP312,ltpFR2,16,24,0.3541666666666667
LTP312,ltpFR2,17,24,0.37152777777777773
LTP312,ltpFR2,18,24,0.375
LTP312,ltpFR2,19,24,0.3663194444444444
LTP312,ltpFR2,20,24,0.3819444444444444
LTP312,ltpFR2,21,24,0.35590277777777773
LTP312,ltpFR2,22,24,0.3541666666666667
LTP313,ltpFR2,0,24,0.611111111111111
LTP313,ltpFR2,1,24,0.6041666666666666
LTP313,ltpFR2,2,24,0.5625
LTP313,ltpFR2,3,24,0.6180555555555556
LTP313,ltpFR2,4,24,0.4635416666666667
LTP313,ltpFR2,5,24,0.5833333333333334
LTP313,ltpFR2,6,24,0.625
LTP314,ltpFR2,0,24,0.49652777777777773
LTP314,ltpFR2,1,24,0.4583333333333333
LTP314,ltpFR2,2,24,0.3298611111111111
LTP314,ltpFR2,3,24,0.2708333333333333
LTP314,ltpFR2,4,24,0.2638888888888889
LTP314,ltpFR2,5,24,0.1753472222222222
LTP314,ltpFR2,6,24,0.20486111111111113
LTP314,ltpFR2,7,24,0.18229166666666666
LTP315,ltpFR2,0,24,0.37847222222222227
LTP315,ltpFR2,1,24,0.4618055555555556
LTP315,ltpFR2,2,24,0.3350694444444444
LTP315,ltpFR2,3,24,0.3611111111111111
LTP315,ltpFR2,4,24,0.35590277777777773
LTP316,ltpFR2,0,24,0.6076388888888888
LTP316,ltpFR2,1,24,0.6059027777777778
LTP316,ltpFR2,2,24,0.7013888888888888
LTP316,ltpFR2,3,24,0.6788194444444445
LTP316,ltpFR2,4,24,0.65625
LTP316,ltpFR2,5,24,0.657986111111111
LTP316,ltpFR2,6,24,0.6770833333333334
LTP316,ltpFR2,7,24,0.6614583333333334
LTP316,ltpFR2,8,24,0.6371527777777778
LTP316,ltpFR2,9,24,0.7534722222222222
LTP316,ltpFR2,10,24,0.7378472222222222
LTP316,ltpFR2,11,24,0.6458333333333334
LTP316,ltpFR2,12,24,0.6701388888888888
LTP316,ltpFR2,13,24,0.7795138888888888
LTP316,ltpFR2,14,24,0.6493055555555555
LTP316,ltpFR2,15,24,0.7291666666666666
LTP316,ltpFR2,16,24,0.7274305555555555
LTP316,ltpFR2,17,24,0.576388888888889
LTP316,ltpFR2,18,24,0.6996527777777778
LTP316,ltpFR2,19,24,0.7604166666666666
LTP316,ltpFR2,20,24,0.7065972222222222
LTP316,ltpFR2,21,24,0.7829861111111112
LTP316,ltpFR2,22,24,0.734375
LTP317,ltpFR2,0,24,0.2604166666666667
LTP317,ltpFR2,1,24,0.3055555555555555
LTP317,ltpFR2,2,24,0.3003472222222222
LTP317,ltpFR2,3,24,0.28125
LTP317,ltpFR2,4,24,0.3107638888888889
LTP317,ltpFR2,5,24,0.3263888888888889
LTP317,ltpFR2,6,24,0.2586805555555556
LTP317,ltpFR2,7,24,0.2534722222222222
LTP317,ltpFR2,8,24,0.3072916666666667
LTP317,ltpFR2,9,24,0.3177083333333333
LTP317,ltpFR2,10,24,0.2986111111111111
LTP317,ltpFR2,11,24,0.34722222222222227
LTP317,ltpFR2,12,24,0.34375
LTP317,ltpFR2,13,24,0.3489583333333333
LTP317,ltpFR2,14,24,0.3298611111111111
LTP317,ltpFR2,15,24,0.3333333333333333
LTP317,ltpFR2,16,24,0.3385416666666667
LTP317,ltpFR2,17,24,0.3298611111111111
LTP317,ltpFR2,18,24,0.3524305555555556
LTP317,ltpFR2,19,24,0.3350694444444444
LTP317,ltpFR2,20,24,0.3177083333333333
LTP317,ltpFR2,21,24,0.3142361111111111
LTP317,ltpFR2,22,24,0.3211805555555555
LTP318,ltpFR2,0,24,0.4201388888888889
LTP318,ltpFR2,1,24,0.560763888888889
LTP318,ltpFR2,2,24,0.6284722222222222
LTP318,ltpFR2,3,24,0.626736111111111
LTP318,ltpFR2,4,24,0.7239583333333334
LTP318,ltpFR2,5,24,0.4704861111111111
LTP318,ltpFR2,6,24,0.6371527777777778
LTP318,ltpFR2,7,24,0.4704861111111111
LTP318,ltpFR2,8,24,0.3125
LTP318,ltpFR2,9,24,0.515625
LTP318,ltpFR2,10,24,0.48090277777777773
LTP318,ltpFR2,11,24,0.6371527777777778
LTP318,ltpFR2,12,24,0.44097222222222227
LTP318,ltpFR2,13,24,0.4149305555555556
LTP318,ltpFR2,14,24,0.3524305555555556
LTP318,ltpFR2,15,24,0.6805555555555555
LTP318,ltpFR2,16,24,0.5902777777777778
LTP318,ltpFR2,17,24,0.5572916666666666
LTP318,ltpFR2,18,24,0.5555555555555556
LTP318,ltpFR2,19,24,0.4791666666666667
LTP318,ltpFR2,20,24,0.592013888888889
LTP318,ltpFR2,21,24,0.47222222222222227
LTP318,ltpFR2,22,24,0.4479166666666667
LTP319,ltpFR2,0,24,0.529513888888889
LTP319,ltpFR2,1,24,0.4079861111111111
LTP319,ltpFR2,2,24,0.328125
LTP319,ltpFR2,3,24,0.18055555555555555
LTP319,ltpFR2,4,24,0.5815972222222222
LTP319,ltpFR2,5,24,0.640625
LTP319,ltpFR2,6,24,0.513888888888889
LTP319,ltpFR2,7,24,0.6197916666666666
LTP319,ltpFR2,8,24,0.36284722222222227
LTP319,ltpFR2,9,24,0.4131944444444444
LTP319,ltpFR2,10,24,0.0625
LTP319,ltpFR2,11,24,0.08333333333333333
LTP320,ltpFR2,0,24,0.359375
LTP321,ltpFR2,0,24,0.328125
LTP321,ltpFR2,1,24,0.3211805555555555
LTP321,ltpFR2,2,24,0.3524305555555556
LTP321,ltpFR2,3,24,0.37847222222222227
LTP321,ltpFR2,4,24,0.3819444444444444
LTP321,ltpFR2,5,24,0.35590277777777773
LTP321,ltpFR2,6,24,0.3697916666666667
LTP321,ltpFR2,7,24,0.34027777777777773
LTP321,ltpFR2,8,24,0.375
LTP321,ltpFR2,9,24,0.38715277777777773
LTP321,ltpFR2,10,24,0.3663194444444444
LTP321,ltpFR2,11,24,0.359375
LTP321,ltpFR2,12,24,0.3315972222222222
LTP321,ltpFR2,13,24,0.2621527777777778
LTP321,ltpFR2,14,24,0.2916666666666667
LTP321,ltpFR2,15,24,0.359375
LTP321,ltpFR2,16,24,0.3246527777777778
LTP321,ltpFR2,17,24,0.2725694444444445
LTP321,ltpFR2,18,24,0.3767361111111111
LTP321,ltpFR2,19,24,0.2725694444444445
LTP321,ltpFR2,20,24,0.3055555555555555
LTP321,ltpFR2,21,24,0.4704861111111111
LTP321,ltpFR2,22,24,0.3055555555555555
LTP322,ltpFR2,0,24,0.5902777777777778
LTP322,ltpFR2,1,24,0.595486111111111
LTP322,ltpFR2,2,24,0.6215277777777778
LTP322,ltpFR2,3,24,0.7118055555555555
LTP322,ltpFR2,4,24,0.6163194444444444
LTP322,ltpFR2,5,24,0.5069444444444444
LTP322,ltpFR2,6,24,0.609375
LTP322,ltpFR2,7,24,0.6805555555555555
LTP322,ltpFR2,8,24,0.45659722222222215
LTP322,ltpFR2,9,24,0.6163194444444444
LTP322,ltpFR2,10,24,0.6614583333333334
LTP322,ltpFR2,11,24,0.579861111111111
LTP322,ltpFR2,12,24,0.6076388888888888
LTP322,ltpFR2,13,24,0.5225694444444444
LTP322,ltpFR2,14,24,0.5052083333333334
LTP322,ltpFR2,15,24,0.4635416666666667
LTP322,ltpFR2,16,24,0.40972222222222227
LTP322,ltpFR2,17,24,0.5225694444444444
LTP322,ltpFR2,18,24,0.484375
LTP322,ltpFR2,19,24,0.3645833333333333
LTP322,ltpFR2,20,24,0.453125
LTP322,ltpFR2,21,24,0.6770833333333334
LTP322,ltpFR2,22,24,0.46875
LTP323,ltpFR2,0,24,0.5555555555555556
LTP323,ltpFR2,1,24,0.6944444444444445
LTP323,ltpFR2,2,24,0.7638888888888888
LTP323,ltpFR2,3,24,0.6996527777777778
LTP323,ltpFR2,4,24,0.7395833333333334
LTP323,ltpFR2,5,24,0.8020833333333334
LTP323,ltpFR2,6,24,0.8506944444444445
LTP323,ltpFR2,7,24,0.6059027777777778
LTP323,ltpFR2,8,24,0.7118055555555555
LTP323,ltpFR2,9,24,0.545138888888889
LTP323,ltpFR2,10,24,0.8680555555555555
LTP323,ltpFR2,11,24,0.8142361111111112
LTP323,ltpFR2,12,24,0.5989583333333334
LTP323,ltpFR2,13,24,0.65625
LTP323,ltpFR2,14,24,0.623263888888889
LTP323,ltpFR2,15,24,0.7829861111111112
LTP323,ltpFR2,16,24,0.7222222222222222
LTP323,ltpFR2,17,24,0.6666666666666666
LTP323,ltpFR2,18,24,0.7291666666666666
LTP323,ltpFR2,19,24,0.5711805555555556
LTP323,ltpFR2,20,24,0.7118055555555555
LTP323,ltpFR2,21,24,0.7569444444444445
LTP323,ltpFR2,22,24,0.5572916666666666
LTP324,ltpFR2,0,24,0.3107638888888889
LTP324,ltpFR2,1,24,0.3958333333333333
LTP324,ltpFR2,2,24,0.501736111111111
LTP324,ltpFR2,3,24,0.4392361111111111
LTP324,ltpFR2,4,24,0.703125
LTP324,ltpFR2,5,24,0.75
LTP324,ltpFR2,6,24,0.5572916666666666
LTP324,ltpFR2,7,24,0.4236111111111111
LTP324,ltpFR2,8,24,0.5902777777777778
LTP324,ltpFR2,9,24,0.453125
LTP324,ltpFR2,10,24,0.359375
LTP324,ltpFR2,11,24,0.6024305555555556
LTP324,ltpFR2,12,24,0.3263888888888889
LTP324,ltpFR2,13,24,0.21701388888888887
LTP324,ltpFR2,14,24,0.3211805555555555
LTP324,ltpFR2,15,24,0.4774305555555556
LTP324,ltpFR2,16,24,0.7291666666666666
LTP324,ltpFR2,17,24,0.7986111111111112
LTP324,ltpFR2,18,24,0.41840277777777773
LTP324,ltpFR2,19,24,0.3506944444444444
LTP324,ltpFR2,20,24,0.3229166666666667
LTP324,ltpFR2,21,24,0.43402777777777773
LTP324,ltpFR2,22,24,0.3975694444444444
LTP325,ltpFR2,0,24,0.35590277777777773
LTP325,ltpFR2,1,24,0.42534722222222215
LTP325,ltpFR2,2,24,0.359375
LTP325,ltpFR2,3,24,0.37152777777777773
LTP325,ltpFR2,4,24,0.36284722222222227
LTP325,ltpFR2,5,24,0.34722222222222227
LTP325,ltpFR2,6,24,0.501736111111111
LTP325,ltpFR2,7,24,0.4895833333333333
LTP325,ltpFR2,8,24,0.40625
LTP325,ltpFR2,9,24,0.4427083333333333
LTP325,ltpFR2,10,24,0.5034722222222222
LTP325,ltpFR2,11,24,0.3194444444444445
LTP325,ltpFR2,12,24,0.4704861111111111
LTP325,ltpFR2,13,24,0.46875
LTP325,ltpFR2,14,24,0.6458333333333333
LTP325,ltpFR2,15,24,0.34375
LTP325,ltpFR2,16,24,0.3645833333333333
LTP325,ltpFR2,17,24,0.3680555555555556
LTP325,ltpFR2,18,24,0.4982638888888889
LTP325,ltpFR2,19,24,0.4201388888888889
LTP325,ltpFR2,20,24,0.42534722222222227
LTP325,ltpFR2,21,24,0.4444444444444444
LTP325,ltpFR2,22,24,0.3819444444444444
LTP326,ltpFR2,0,24,0.4201388888888889
LTP326,ltpFR2,1,24,0.5138888888888888
LTP326,ltpFR2,2,24,0.4791666666666667
LTP326,ltpFR2,3,24,0.4774305555555556
LTP326,ltpFR2,4,24,0.5434027777777778
LTP326,ltpFR2,5,24,0.4444444444444444
LTP326,ltpFR2,6,24,0.4600694444444444
LTP326,ltpFR2,7,24,0.5
LTP326,ltpFR2,8,24,0.4427083333333333
LTP326,ltpFR2,9,24,0.5590277777777778
LTP326,ltpFR2,10,24,0.5677083333333334
LTP326,ltpFR2,11,24,0.4774305555555556
LTP326,ltpFR2,12,24,0.48090277777777773
LTP326,ltpFR2,13,24,0.4704861111111111
LTP326,ltpFR2,14,24,0.453125
LTP326,ltpFR2,15,24,0.41840277777777773
LTP326,ltpFR2,16,24,0.4739583333333333
LTP326,ltpFR2,17,24,0.48090277777777773
LTP326,ltpFR2,18,24,0.46527777777777773
LTP326,ltpFR2,20,24,0.5190972222222222
LTP326,ltpFR2,21,24,0.4895833333333333
LTP326,ltpFR2,22,24,0.501736111111111
LTP327,ltpFR2,0,24,0.7604166666666666
LTP327,ltpFR2,1,24,0.7621527777777778
LTP327,ltpFR2,2,24,0.8159722222222222
LTP327,ltpFR2,3,24,0.8454861111111112
LTP327,ltpFR2,4,24,0.8177083333333334
LTP327,ltpFR2,5,24,0.7673611111111112
LTP327,ltpFR2,6,24,0.8767361111111112
LTP327,ltpFR2,7,24,0.8159722222222222
LTP327,ltpFR2,8,24,0.8368055555555555
LTP327,ltpFR2,9,24,0.828125
LTP327,ltpFR2,10,24,0.8489583333333334
LTP327,ltpFR2,11,24,0.8888888888888888
LTP327,ltpFR2,12,24,0.8420138888888888
LTP327,ltpFR2,13,24,0.7621527777777778
LTP327,ltpFR2,14,24,0.8350694444444445
LTP327,ltpFR2,15,24,0.8385416666666666
LTP327,ltpFR2,16,24,0.7135416666666666
LTP327,ltpFR2,17,24,0.8993055555555555
LTP327,ltpFR2,18,24,0.8159722222222222
LTP327,ltpFR2,19,24,0.8263888888888888
LTP327,ltpFR2,20,24,0.8229166666666666
LTP327,ltpFR2,21,24,0.8472222222222222
LTP327,ltpFR2,22,24,0.8559027777777778
LTP328,ltpFR2,0,24,0.532986111111111
LTP328,ltpFR2,1,24,0.6128472222222222
LTP328,ltpFR2,2,24,0.5885416666666666
LTP328,ltpFR2,3,24,0.7100694444444445
LTP328,ltpFR2,4,24,0.6059027777777778
LTP328,ltpFR2,5,24,0.6006944444444444
LTP328,ltpFR2,6,24,0.7552083333333334
LTP328,ltpFR2,7,24,0.7013888888888888
LTP328,ltpFR2,8,24,0.626736111111111
LTP328,ltpFR2,9,24,0.7725694444444445
LTP328,ltpFR2,10,24,0.7482638888888888
LTP328,ltpFR2,11,24,0.4930555555555556
LTP328,ltpFR2,12,24,0.6510416666666666
LTP328,ltpFR2,13,24,0.7552083333333334
LTP328,ltpFR2,14,24,0.7256944444444445
LTP328,ltpFR2,15,24,0.640625
LTP328,ltpFR2,16,24,0.657986111111111
LTP328,ltpFR2,17,24,0.6493055555555556
LTP328,ltpFR2,18,24,0.6284722222222222
LTP328,ltpFR2,19,24,0.6736111111111112
LTP328,ltpFR2,20,24,0.703125
LTP328,ltpFR2,21,24,0.5208333333333334
LTP328,ltpFR2,22,24,0.6510416666666666
LTP329,ltpFR2,0,24,0.3802083333333333
LTP329,ltpFR2,1,24,0.3020833333333333
LTP329,ltpFR2,2,24,0.36284722222222227
LTP329,ltpFR2,3,24,0.43402777777777773
LTP329,ltpFR2,4,24,0.3767361111111111
LTP329,ltpFR2,5,24,0.38715277777777773
LTP329,ltpFR2,6,24,0.5034722222222222
LTP329,ltpFR2,7,24,0.359375
LTP329,ltpFR2,8,24,0.296875
LTP329,ltpFR2,9,24,0.532986111111111
LTP329,ltpFR2,10,24,0.4704861111111111
LTP329,ltpFR2,11,24,0.4461805555555555
LTP329,ltpFR2,12,24,0.3819444444444444
LTP329,ltpFR2,13,24,0.47222222222222227
LTP329,ltpFR2,14,24,0.5590277777777778
LTP329,ltpFR2,15,24,0.5885416666666666
LTP329,ltpFR2,16,24,0.44097222222222227
LTP329,ltpFR2,17,24,0.5104166666666666
LTP329,ltpFR2,18,24,0.5260416666666666
LTP329,ltpFR2,19,24,0.34722222222222227
LTP329,ltpFR2,20,24,0.19270833333333334
LTP329,ltpFR2,21,24,0.328125
LTP329,ltpFR2,22,24,0.44965277777777773
LTP330,ltpFR2,0,24,0.3576388888888889
LTP330,ltpFR2,1,24,0.3958333333333333
LTP330,ltpFR2,2,24,0.3645833333333333
LTP330,ltpFR2,3,24,0.37847222222222227
LTP330,ltpFR2,4,24,0.517361111111111
LTP330,ltpFR2,5,24,0.48090277777777773
LTP330,ltpFR2,6,24,0.4461805555555556
LTP330,ltpFR2,7,24,0.4513888888888889
LTP330,ltpFR2,8,24,0.4479166666666667
LTP330,ltpFR2,9,24,0.4895833333333333
LTP330,ltpFR2,10,24,0.5677083333333334
LTP330,ltpFR2,11,24,0.548611111111111
LTP330,ltpFR2,12,24,0.45659722222222227
LTP330,ltpFR2,13,24,0.4288194444444444
LTP330,ltpFR2,14,24,0.5885416666666666
LTP330,ltpFR2,15,24,0.5086805555555556
LTP330,ltpFR2,16,24,0.5277777777777778
LTP330,ltpFR2,17,24,0.5590277777777778
LTP330,ltpFR2,18,24,0.548611111111111
LTP330,ltpFR2,19,24,0.49652777777777773
LTP330,ltpFR2,20,24,0.4600694444444444
LTP330,ltpFR2,21,24,0.4392361111111111
LTP330,ltpFR2,22,24,0.4305555555555556
LTP331,ltpFR2,0,24,0.9392361111111112
LTP331,ltpFR2,1,24,0.9131944444444445
LTP331,ltpFR2,2,24,0.90625
LTP331,ltpFR2,3,24,0.8559027777777778
LTP331,ltpFR2,4,24,0.9340277777777778
LTP331,ltpFR2,5,24,0.953125
LTP331,ltpFR2,6,24,0.9097222222222222
LTP331,ltpFR2,7,24,0.921875
LTP331,ltpFR2,8,24,0.7690972222222222
LTP331,ltpFR2,9,24,0.6892361111111112
LTP331,ltpFR2,10,24,0.8194444444444445
LTP331,ltpFR2,11,24,0.8940972222222222
LTP331,ltpFR2,12,24,0.90625
LTP331,ltpFR2,13,24,0.626736111111111
LTP331,ltpFR2,14,24,0.4861111111111111
LTP331,ltpFR2,15,24,0.46527777777777773
LTP331,ltpFR2,16,24,0.4010416666666667
LTP331,ltpFR2,17,24,0.2899305555555555
LTP331,ltpFR2,18,24,0.5677083333333334
LTP331,ltpFR2,19,24,0.5069444444444444
LTP331,ltpFR2,20,24,0.5052083333333334
LTP331,ltpFR2,21,24,0.592013888888889
LTP331,ltpFR2,22,24,0.2829861111111111
LTP334,ltpFR2,0,24,0.5972222222222222
LTP334,ltpFR2,1,24,0.53125
LTP334,ltpFR2,2,24,0.65625
LTP334,ltpFR2,3,24,0.5677083333333334
LTP334,ltpFR2,4,24,0.5815972222222222
LTP334,ltpFR2,5,24,0.6631944444444444
LTP334,ltpFR2,6,24,0.7378472222222222
LTP334,ltpFR2,7,24,0.6770833333333334
LTP334,ltpFR2,8,24,0.6371527777777778
LTP334,ltpFR2,9,24,0.640625
LTP334,ltpFR2,10,24,0.5625
LTP334,ltpFR2,11,24,0.6284722222222222
LTP334,ltpFR2,12,24,0.7552083333333334
LTP334,ltpFR2,13,24,0.39409722222222227
LTP334,ltpFR2,14,24,0.4774305555555556
LTP334,ltpFR2,15,24,0.6805555555555555
LTP334,ltpFR2,16,24,0.611111111111111
LTP334,ltpFR2,17,24,0.5868055555555556
LTP334,ltpFR2,18,24,0.40972222222222227
LTP334,ltpFR2,19,24,0.626736111111111
LTP334,ltpFR2,20,24,0.46875
LTP334,ltpFR2,21,24,0.6041666666666666
LTP334,ltpFR2,22,24,0.48784722222222227
LTP336,ltpFR2,0,24,0.421875
LTP336,ltpFR2,1,24,0.5711805555555556
LTP336,ltpFR2,2,24,0.515625
LTP336,ltpFR2,3,24,0.484375
LTP336,ltpFR2,4,24,0.3645833333333333
LTP336,ltpFR2,5,24,0.4583333333333333
LTP336,ltpFR2,6,24,0.2760416666666667
LTP336,ltpFR2,7,24,0.3055555555555555
LTP336,ltpFR2,8,24,0.3177083333333333
LTP336,ltpFR2,9,24,0.3420138888888889
LTP336,ltpFR2,10,24,0.4270833333333333
LTP336,ltpFR2,11,24,0.39409722222222227
LTP336,ltpFR2,12,24,0.3975694444444444
LTP336,ltpFR2,17,24,0.1753472222222222
LTP336,ltpFR2,18,24,0.2222222222222222
LTP336,ltpFR2,19,24,0.20138888888888887
LTP336,ltpFR2,20,24,0.2864583333333333
LTP336,ltpFR2,21,24,0.3975694444444444
LTP336,ltpFR2,22,24,0.2847222222222222
LTP337,ltpFR2,0,24,0.5225694444444444
LTP337,ltpFR2,1,24,0.4357638888888889
LTP337,ltpFR2,2,24,0.2569444444444445
LTP337,ltpFR2,3,24,0.328125
LTP338,ltpFR2,0,24,0.3298611111111111
LTP338,ltpFR2,1,24,0.3819444444444444
LTP338,ltpFR2,2,24,0.3177083333333333
LTP338,ltpFR2,3,24,0.390625
LTP338,ltpFR2,4,24,0.3246527777777778
LTP338,ltpFR2,5,24,0.453125
LTP338,ltpFR2,6,24,0.5086805555555556
LTP338,ltpFR2,7,24,0.4270833333333333
LTP338,ltpFR2,8,24,0.44097222222222227
LTP338,ltpFR2,9,24,0.5381944444444444
LTP338,ltpFR2,10,24,0.37847222222222227
LTP338,ltpFR2,11,24,0.40625
LTP338,ltpFR2,14,24,0.3125
LTP338,ltpFR2,15,24,0.40277777777777773
LTP338,ltpFR2,16,24,0.2916666666666667
LTP338,ltpFR2,17,24,0.3993055555555556
LTP338,ltpFR2,18,24,0.3576388888888889
LTP338,ltpFR2,19,24,0.3576388888888889
LTP338,ltpFR2,20,24,0.37847222222222227
LTP338,ltpFR2,21,24,0.3107638888888889
LTP338,ltpFR2,22,24,0.3159722222222222
LTP339,ltpFR2,0,24,0.2916666666666667
LTP339,ltpFR2,1,24,0.3385416666666667
LTP339,ltpFR2,2,24,0.3072916666666667
LTP339,ltpFR2,3,24,0.3420138888888889
LTP339,ltpFR2,4,24,0.3003472222222222
LTP339,ltpFR2,5,24,0.2621527777777778
LTP339,ltpFR2,6,24,0.3385416666666667
LTP339,ltpFR2,7,24,0.2743055555555556
LTP339,ltpFR2,8,24,0.2725694444444445
LTP339,ltpFR2,9,24,0.3420138888888889
LTP339,ltpFR2,10,24,0.3107638888888889
LTP339,ltpFR2,11,24,0.2881944444444444
LTP339,ltpFR2,12,24,0.3298611111111111
LTP339,ltpFR2,13,24,0.296875
LTP339,ltpFR2,14,24,0.3211805555555556
LTP339,ltpFR2,15,24,0.2951388888888889
LTP339,ltpFR2,16,24,0.3645833333333333
LTP339,ltpFR2,17,24,0.2847222222222222
LTP339,ltpFR2,18,24,0.2743055555555555
LTP339,ltpFR2,19,24,0.2586805555555555
LTP339,ltpFR2,20,24,0.3159722222222222
LTP339,ltpFR2,21,24,0.2829861111111111
LTP339,ltpFR2,22,24,0.3125
LTP340,ltpFR2,0,24,0.3697916666666667
LTP340,ltpFR2,1,24,0.4461805555555556
LTP340,ltpFR2,2,24,0.2829861111111111
LTP340,ltpFR2,3,24,0.2222222222222222
LTP340,ltpFR2,4,24,0.265625
LTP340,ltpFR2,5,24,0.14583333333333334
LTP340,ltpFR2,6,24,0.22743055555555555
LTP340,ltpFR2,7,24,0.17361111111111113
LTP340,ltpFR2,8,24,0.13194444444444445
LTP340,ltpFR2,9,24,0.140625
LTP340,ltpFR2,10,24,0.18923611111111108
LTP340,ltpFR2,11,24,0.1597222222222222
LTP340,ltpFR2,12,24,0.11631944444444443
LTP340,ltpFR2,13,24,0.09027777777777778
LTP340,ltpFR2,14,24,0.11631944444444443
LTP340,ltpFR2,15,24,0.109375
LTP340,ltpFR2,16,24,0.09027777777777778
LTP340,ltpFR2,17,24,0.13888888888888887
LTP340,ltpFR2,18,24,0.08680555555555557
LTP340,ltpFR2,19,24,0.07465277777777778
LTP340,ltpFR2,20,24,0.13020833333333334
LTP340,ltpFR2,21,24,0.08333333333333333
LTP340,ltpFR2,22,24,0.06076388888888889
LTP341,ltpFR2,0,24,0.34375
LTP341,ltpFR2,1,24,0.46527777777777773
LTP341,ltpFR2,2,24,0.4791666666666667
LTP341,ltpFR2,3,24,0.5277777777777778
LTP341,ltpFR2,4,24,0.5243055555555556
LTP341,ltpFR2,5,24,0.5208333333333334
LTP341,ltpFR2,6,24,0.545138888888889
LTP341,ltpFR2,7,24,0.5225694444444444
LTP341,ltpFR2,8,24,0.5052083333333334
LTP341,ltpFR2,9,24,0.6024305555555556
LTP341,ltpFR2,10,24,0.5260416666666666
LTP341,ltpFR2,11,24,0.5711805555555556
LTP341,ltpFR2,12,24,0.626736111111111
LTP341,ltpFR2,13,24,0.5659722222222222
LTP341,ltpFR2,14,24,0.607638888888889
LTP341,ltpFR2,15,24,0.4774305555555556
LTP341,ltpFR2,16,24,0.5121527777777778
LTP341,ltpFR2,17,24,0.5520833333333334
LTP341,ltpFR2,18,24,0.548611111111111
LTP341,ltpFR2,19,24,0.592013888888889
LTP341,ltpFR2,20,24,0.6909722222222222
LTP341,ltpFR2,21,24,0.6041666666666666
LTP341,ltpFR2,22,24,0.6128472222222222
LTP342,ltpFR2,0,24,0.8038194444444445
LTP342,ltpFR2,1,24,0.828125
LTP342,ltpFR2,2,24,0.8385416666666666
LTP342,ltpFR2,3,24,0.8645833333333334
LTP342,ltpFR2,4,24,0.8350694444444445
LTP342,ltpFR2,5,24,0.859375
LTP342,ltpFR2,6,24,0.7673611111111112
LTP342,ltpFR2,7,24,0.75
LTP342,ltpFR2,8,24,0.7430555555555555
LTP342,ltpFR2,9,24,0.8125
LTP342,ltpFR2,10,24,0.8420138888888888
LTP342,ltpFR2,11,24,0.7395833333333334
LTP342,ltpFR2,12,24,0.7482638888888888
LTP342,ltpFR2,13,24,0.4947916666666667
LTP342,ltpFR2,14,24,0.5920138888888888
LTP342,ltpFR2,15,24,0.6857638888888888
LTP342,ltpFR2,16,24,0.6180555555555556
LTP342,ltpFR2,17,24,0.5069444444444444
LTP342,ltpFR2,18,24,0.2864583333333333
LTP342,ltpFR2,19,24,0.5104166666666666
LTP342,ltpFR2,20,24,0.626736111111111
LTP342,ltpFR2,21,24,0.6041666666666666
LTP342,ltpFR2,22,24,0.40972222222222227
LTP343,ltpFR2,0,24,0.39409722222222227
LTP343,ltpFR2,1,24,0.47222222222222227
LTP343,ltpFR2,2,24,0.5277777777777778
LTP343,ltpFR2,3,24,0.4149305555555556
LTP343,ltpFR2,4,24,0.4236111111111111
LTP343,ltpFR2,5,24,0.48090277777777773
LTP343,ltpFR2,6,24,0.375
LTP343,ltpFR2,7,24,0.4288194444444444
LTP343,ltpFR2,8,24,0.5659722222222222
LTP343,ltpFR2,9,24,0.38715277777777773
LTP343,ltpFR2,10,24,0.4149305555555555
LTP343,ltpFR2,11,24,0.42534722222222227
LTP343,ltpFR2,12,24,0.34722222222222227
LTP343,ltpFR2,13,24,0.3107638888888889
LTP343,ltpFR2,14,24,0.48263888888888884
LTP343,ltpFR2,15,24,0.4079861111111111
LTP343,ltpFR2,16,24,0.3506944444444444
LTP343,ltpFR2,17,24,0.22048611111111113
LTP343,ltpFR2,18,24,0.34722222222222227
LTP343,ltpFR2,19,24,0.2708333333333333
LTP343,ltpFR2,20,24,0.3697916666666667
LTP343,ltpFR2,21,24,0.2465277777777778
LTP343,ltpFR2,22,24,0.3107638888888889
LTP344,ltpFR2,0,24,0.3923611111111111
LTP344,ltpFR2,1,24,0.43402777777777773
LTP344,ltpFR2,2,24,0.4305555555555556
LTP344,ltpFR2,3,24,0.3003472222222222
LTP344,ltpFR2,4,24,0.4131944444444444
LTP344,ltpFR2,5,24,0.657986111111111
LTP344,ltpFR2,6,24,0.671875
LTP344,ltpFR2,7,24,0.6319444444444444
LTP344,ltpFR2,8,24,0.532986111111111
LTP344,ltpFR2,9,24,0.548611111111111
LTP344,ltpFR2,10,24,0.4739583333333333
LTP344,ltpFR2,11,24,0.41840277777777773
LTP344,ltpFR2,12,24,0.4270833333333333
LTP344,ltpFR2,13,24,0.532986111111111
LTP344,ltpFR2,14,24,0.4375
LTP344,ltpFR2,15,24,0.4861111111111111
LTP344,ltpFR2,16,24,0.3854166666666667
LTP344,ltpFR2,17,24,0.44097222222222227
LTP344,ltpFR2,18,24,0.44097222222222227
LTP344,ltpFR2,19,24,0.4739583333333333
LTP344,ltpFR2,20,24,0.3888888888888889
LTP344,ltpFR2,21,24,0.37847222222222227
LTP344,ltpFR2,22,24,0.3767361111111111
LTP346,ltpFR2,0,24,0.39409722222222227
LTP346,ltpFR2,1,24,0.4375
LTP346,ltpFR2,2,24,0.4895833333333333
LTP346,ltpFR2,3,24,0.6059027777777778
LTP346,ltpFR2,4,24,0.5885416666666666
LTP346,ltpFR2,5,24,0.6440972222222222
LTP346,ltpFR2,6,24,0.671875
LTP346,ltpFR2,7,24,0.71875
LTP346,ltpFR2,8,24,0.7083333333333334
LTP346,ltpFR2,9,24,0.7361111111111112
LTP346,ltpFR2,10,24,0.7274305555555555
LTP346,ltpFR2,11,24,0.734375
LTP346,ltpFR2,13,24,0.7638888888888888
LTP346,ltpFR2,14,24,0.8038194444444445
LTP346,ltpFR2,15,24,0.6822916666666666
LTP346,ltpFR2,16,24,0.7829861111111112
LTP346,ltpFR2,17,24,0.7760416666666666
LTP346,ltpFR2,18,24,0.6475694444444444
LTP346,ltpFR2,19,24,0.8489583333333334
LTP346,ltpFR2,20,24,0.8020833333333334
LTP346,ltpFR2,21,24,0.7899305555555555
LTP346,ltpFR2,22,24,0.8055555555555555
LTP347,ltpFR2,0,24,0.6822916666666666
LTP347,ltpFR2,1,24,0.7899305555555555
LTP347,ltpFR2,2,24,0.7986111111111112
LTP347,ltpFR2,3,24,0.7170138888888888
LTP347,ltpFR2,4,24,0.8420138888888888
LTP347,ltpFR2,5,24,0.8246527777777778
LTP347,ltpFR2,6,24,0.8333333333333334
LTP347,ltpFR2,7,24,0.8576388888888888
LTP347,ltpFR2,8,24,0.8975694444444445
LTP347,ltpFR2,9,24,0.4826388888888889
LTP347,ltpFR2,10,24,0.8819444444444445
LTP347,ltpFR2,11,24,0.78125
LTP347,ltpFR2,12,24,0.7361111111111112
LTP347,ltpFR2,13,24,0.78125
LTP347,ltpFR2,14,24,0.8090277777777778
LTP347,ltpFR2,15,24,0.8194444444444445
LTP347,ltpFR2,16,24,0.4739583333333333
LTP347,ltpFR2,17,24,0.7708333333333334
LTP347,ltpFR2,18,24,0.20833333333333334
LTP347,ltpFR2,19,24,0.11979166666666667
LTP347,ltpFR2,20,24,0.2847222222222222
LTP347,ltpFR2,21,24,0.6944444444444445
LTP347,ltpFR2,22,24,0.642361111111111
LTP348,ltpFR2,0,24,0.22395833333333334
LTP348,ltpFR2,1,24,0.24479166666666666
LTP348,ltpFR2,2,24,0.24305555555555555
LTP348,ltpFR2,3,24,0.2864583333333333
LTP348,ltpFR2,4,24,0.23263888888888887
LTP348,ltpFR2,5,24,0.21006944444444445
LTP348,ltpFR2,6,24,0.18923611111111113
LTP348,ltpFR2,7,24,0.19618055555555555
LTP348,ltpFR2,8,24,0.19444444444444445
LTP348,ltpFR2,9,24,0.2604166666666667
LTP348,ltpFR2,10,24,0.21006944444444445
LTP348,ltpFR2,11,24,0.18055555555555555
LTP348,ltpFR2,12,24,0.18576388888888887
LTP348,ltpFR2,13,24,0.23958333333333334
LTP348,ltpFR2,14,24,0.21180555555555555
LTP348,ltpFR2,15,24,0.19444444444444445
LTP348,ltpFR2,16,24,0.171875
LTP348,ltpFR2,17,24,0.19791666666666666
LTP348,ltpFR2,18,24,0.18576388888888887
LTP348,ltpFR2,19,24,0.14409722222222224
LTP348,ltpFR2,20,24,0.17708333333333334
LTP348,ltpFR2,21,24,0.15972222222222224
LTP348,ltpFR2,22,24,0.14409722222222224
LTP349,ltpFR2,0,24,0.4444444444444444
LTP349,ltpFR2,1,24,0.3888888888888889
LTP349,ltpFR2,2,24,0.46875
LTP349,ltpFR2,3,24,0.4201388888888889
LTP349,ltpFR2,4,24,0.4079861111111111
LTP349,ltpFR2,5,24,0.2534722222222222
LTP349,ltpFR2,6,24,0.375
LTP349,ltpFR2,7,24,0.421875
LTP349,ltpFR2,8,24,0.3072916666666667
LTP349,ltpFR2,9,24,0.2847222222222222
LTP349,ltpFR2,10,24,0.24826388888888887
LTP349,ltpFR2,11,24,0.421875
LTP349,ltpFR2,12,24,0.2951388888888889
LTP349,ltpFR2,13,24,0.24305555555555555
LTP349,ltpFR2,14,24,0.3663194444444444
LTP349,ltpFR2,15,24,0.3194444444444444
LTP349,ltpFR2,16,24,0.21354166666666666
LTP349,ltpFR2,17,24,0.3229166666666667
LTP349,ltpFR2,18,24,0.18055555555555555
LTP349,ltpFR2,19,24,0.22395833333333334
LTP349,ltpFR2,20,24,0.3090277777777778
LTP349,ltpFR2,21,24,0.2065972222222222
LTP349,ltpFR2,22,24,0.3107638888888889
LTP352,ltpFR2,0,24,0.5416666666666666
LTP353,ltpFR2,0,24,0.234375
LTP353,ltpFR2,1,24,0.22048611111111113
LTP354,ltpFR2,0,24,0.23263888888888887
LTP354,ltpFR2,1,24,0.24305555555555555
LTP354,ltpFR2,2,24,0.2760416666666667
LTP354,ltpFR2,3,24,0.2569444444444445
LTP354,ltpFR2,4,24,0.2916666666666667
LTP354,ltpFR2,5,24,0.2673611111111111
LTP354,ltpFR2,6,24,0.3194444444444444
LTP354,ltpFR2,7,24,0.21354166666666666
LTP354,ltpFR2,8,24,0.2552083333333333
LTP354,ltpFR2,9,24,0.3645833333333333
LTP354,ltpFR2,10,24,0.3854166666666667
LTP354,ltpFR2,11,24,0.36284722222222227
LTP354,ltpFR2,12,24,0.2899305555555555
LTP354,ltpFR2,13,24,0.2465277777777778
LTP354,ltpFR2,14,24,0.37847222222222227
LTP354,ltpFR2,15,24,0.3541666666666667
LTP354,ltpFR2,16,24,0.3159722222222222
LTP354,ltpFR2,17,24,0.375
LTP354,ltpFR2,18,24,0.5069444444444444
LTP354,ltpFR2,19,24,0.4149305555555556
LTP354,ltpFR2,20,24,0.3697916666666667
LTP354,ltpFR2,21,24,0.3350694444444444
LTP354,ltpFR2,22,24,0.4357638888888889
LTP355,ltpFR2,0,24,0.5052083333333334
LTP355,ltpFR2,1,24,0.5364583333333334
LTP355,ltpFR2,2,24,0.6024305555555556
LTP355,ltpFR2,3,24,0.4600694444444444
LTP355,ltpFR2,4,24,0.517361111111111
LTP355,ltpFR2,5,24,0.5694444444444444
LTP355,ltpFR2,6,24,0.6649305555555556
LTP355,ltpFR2,7,24,0.501736111111111
LTP355,ltpFR2,8,24,0.5868055555555556
LTP355,ltpFR2,9,24,0.5555555555555556
LTP355,ltpFR2,10,24,0.576388888888889
LTP355,ltpFR2,11,24,0.6753472222222222
LTP355,ltpFR2,12,24,0.6041666666666666
LTP355,ltpFR2,13,24,0.328125
LTP355,ltpFR2,14,24,0.5520833333333334
LTP355,ltpFR2,15,24,0.3923611111111111
LTP355,ltpFR2,16,24,0.640625
LTP355,ltpFR2,17,24,0.626736111111111
LTP355,ltpFR2,18,24,0.6666666666666666
LTP355,ltpFR2,19,24,0.5520833333333334
LTP355,ltpFR2,20,24,0.640625
LTP355,ltpFR2,21,24,0.7065972222222222
LTP355,ltpFR2,22,24,0.6788194444444445
LTP356,ltpFR2,0,24,0.8368055555555555
LTP356,ltpFR2,1,24,0.8680555555555555
LTP356,ltpFR2,2,24,0.9409722222222222
LTP356,ltpFR2,3,24,0.84375
LTP356,ltpFR2,4,24,0.8802083333333334
LTP356,ltpFR2,5,24,0.8802083333333334
LTP356,ltpFR2,6,24,0.921875
LTP356,ltpFR2,7,24,0.9288194444444445
LTP356,ltpFR2,8,24,0.9322916666666666
LTP356,ltpFR2,9,24,0.9479166666666666
LTP356,ltpFR2,10,24,0.9114583333333334
LTP356,ltpFR2,11,24,0.9045138888888888
LTP356,ltpFR2,12,24,0.8940972222222222
LTP356,ltpFR2,13,24,0.9166666666666666
LTP356,ltpFR2,14,24,0.8940972222222222
LTP356,ltpFR2,15,24,0.8576388888888888
LTP356,ltpFR2,16,24,0.8958333333333334
LTP356,ltpFR2,17,24,0.9288194444444445
LTP356,ltpFR2,18,24,0.953125
LTP356,ltpFR2,19,24,0.9444444444444445
LTP356,ltpFR2,20,24,0.8663194444444445
LTP356,ltpFR2,21,24,0.8368055555555555
LTP356,ltpFR2,22,24,0.8315972222222222
LTP357,ltpFR2,0,24,0.4461805555555556
LTP357,ltpFR2,1,24,0.4375
LTP357,ltpFR2,2,24,0.4548611111111111
LTP357,ltpFR2,3,24,0.5034722222222222
LTP357,ltpFR2,4,24,0.546875
LTP357,ltpFR2,5,24,0.5069444444444444
LTP357,ltpFR2,6,24,0.5208333333333334
LTP357,ltpFR2,7,24,0.5225694444444444
LTP357,ltpFR2,8,24,0.5
LTP357,ltpFR2,9,24,0.48090277777777773
LTP357,ltpFR2,10,24,0.4618055555555556
LTP357,ltpFR2,11,24,0.4201388888888889
LTP357,ltpFR2,12,24,0.40972222222222227
LTP357,ltpFR2,13,24,0.3576388888888889
LTP357,ltpFR2,14,24,0.3993055555555556
LTP357,ltpFR2,15,24,0.4305555555555556
LTP357,ltpFR2,16,24,0.35590277777777773
LTP357,ltpFR2,17,24,0.3836805555555556
LTP357,ltpFR2,18,24,0.3888888888888889
LTP357,ltpFR2,19,24,0.3663194444444444
LTP357,ltpFR2,20,24,0.3802083333333333
LTP357,ltpFR2,21,24,0.36284722222222227
LTP357,ltpFR2,22,24,0.4149305555555556
LTP358,ltpFR2,0,24,0.6163194444444444
LTP358,ltpFR2,1,24,0.6666666666666666
LTP358,ltpFR2,2,24,0.5555555555555556
LTP358,ltpFR2,3,24,0.5677083333333334
LTP358,ltpFR2,4,24,0.5
LTP358,ltpFR2,5,24,0.564236111111111
LTP358,ltpFR2,6,24,0.7725694444444445
LTP359,ltpFR2,0,24,0.4739583333333333
LTP359,ltpFR2,1,24,0.5572916666666666
LTP359,ltpFR2,2,24,0.8836805555555555
LTP359,ltpFR2,3,24,0.78125
LTP359,ltpFR2,4,24,0.9357638888888888
LTP359,ltpFR2,5,24,0.6302083333333334
LTP360,ltpFR2,0,24,0.2586805555555555
LTP360,ltpFR2,1,24,0.2934027777777778
LTP360,ltpFR2,2,24,0.3003472222222222
LTP360,ltpFR2,3,24,0.4444444444444444
LTP360,ltpFR2,4,24,0.3420138888888889
LTP360,ltpFR2,5,24,0.3541666666666667
LTP360,ltpFR2,6,24,0.2569444444444445
LTP360,ltpFR2,7,24,0.44097222222222227
LTP360,ltpFR2,8,24,0.2864583333333333
LTP360,ltpFR2,9,24,0.3663194444444444
LTP360,ltpFR2,10,24,0.3003472222222222
LTP360,ltpFR2,11,24,0.3368055555555556
LTP360,ltpFR2,12,24,0.2638888888888889
LTP360,ltpFR2,13,24,0.2638888888888889
LTP360,ltpFR2,14,24,0.1875
LTP360,ltpFR2,15,24,0.2743055555555555
LTP360,ltpFR2,16,24,0.20833333333333334
LTP360,ltpFR2,17,24,0.1579861111111111
LTP360,ltpFR2,18,24,0.1423611111111111
LTP360,ltpFR2,19,24,0.2534722222222222
LTP360,ltpFR2,20,24,0.15972222222222224
LTP360,ltpFR2,21,24,0.16666666666666666
LTP360,ltpFR2,22,24,0.3211805555555555
LTP361,ltpFR2,0,24,0.4357638888888889
LTP361,ltpFR2,1,24,0.2378472222222222
LTP361,ltpFR2,2,24,0.3888888888888889
LTP361,ltpFR2,3,24,0.6371527777777778
LTP361,ltpFR2,4,24,0.640625
LTP361,ltpFR2,5,24,0.6684027777777778
LTP361,ltpFR2,6,24,0.7152777777777778
LTP361,ltpFR2,7,24,0.7864583333333334
LTP361,ltpFR2,8,24,0.4600694444444444
LTP361,ltpFR2,9,24,0.7204861111111112
LTP361,ltpFR2,10,24,0.607638888888889
LTP361,ltpFR2,11,24,0.6215277777777778
LTP361,ltpFR2,12,24,0.6631944444444444
LTP361,ltpFR2,13,24,0.6024305555555556
LTP361,ltpFR2,14,24,0.7569444444444445
LTP361,ltpFR2,15,24,0.625
LTP361,ltpFR2,16,24,0.6996527777777778
LTP361,ltpFR2,17,24,0.71875
LTP361,ltpFR2,18,24,0.7916666666666666
LTP361,ltpFR2,19,24,0.7881944444444445
LTP361,ltpFR2,20,24,0.7465277777777778
LTP361,ltpFR2,22,24,0.7743055555555555
LTP362,ltpFR2,0,24,0.2881944444444445
LTP362,ltpFR2,1,24,0.20833333333333334
LTP362,ltpFR2,2,24,0.2378472222222222
LTP362,ltpFR2,3,24,0.21701388888888887
LTP362,ltpFR2,4,24,0.2777777777777778
LTP362,ltpFR2,5,24,0.23958333333333334
LTP362,ltpFR2,6,24,0.3854166666666667
LTP362,ltpFR2,7,24,0.3611111111111111
LTP362,ltpFR2,8,24,0.3055555555555555
LTP362,ltpFR2,9,24,0.2847222222222222
LTP362,ltpFR2,10,24,0.23958333333333334
LTP362,ltpFR2,11,24,0.19444444444444445
LTP362,ltpFR2,12,24,0.24826388888888887
LTP362,ltpFR2,13,24,0.18229166666666666
LTP362,ltpFR2,14,24,0.22916666666666666
LTP362,ltpFR2,15,24,0.19791666666666666
LTP362,ltpFR2,16,24,0.20833333333333334
LTP362,ltpFR2,17,24,0.171875
LTP362,ltpFR2,18,24,0.18923611111111108
LTP362,ltpFR2,19,24,0.171875
LTP362,ltpFR2,20,24,0.15625
LTP362,ltpFR2,21,24,0.15972222222222224
LTP362,ltpFR2,22,24,0.13020833333333334
LTP363,ltpFR2,0,24,0.4930555555555555
LTP363,ltpFR2,1,24,0.5121527777777778
LTP363,ltpFR2,2,24,0.4600694444444444
LTP363,ltpFR2,3,24,0.36284722222222227
LTP364,ltpFR2,0,24,0.4427083333333333
LTP364,ltpFR2,1,24,0.4947916666666667
LTP364,ltpFR2,2,24,0.5295138888888888
LTP364,ltpFR2,3,24,0.5833333333333334
LTP364,ltpFR2,4,24,0.7465277777777778
LTP364,ltpFR2,5,24,0.6527777777777778
LTP364,ltpFR2,6,24,0.6753472222222222
LTP364,ltpFR2,7,24,0.6666666666666666
LTP364,ltpFR2,8,24,0.2569444444444445
LTP364,ltpFR2,9,24,0.4861111111111111
LTP364,ltpFR2,10,24,0.37152777777777773
LTP364,ltpFR2,11,24,0.4826388888888889
LTP364,ltpFR2,12,24,0.19270833333333334
LTP364,ltpFR2,13,24,0.3159722222222222
LTP364,ltpFR2,14,24,0.2743055555555555
LTP364,ltpFR2,15,24,0.3038194444444445
LTP364,ltpFR2,16,24,0.1875
LTP364,ltpFR2,17,24,0.2378472222222222
LTP364,ltpFR2,18,24,0.1232638888888889
LTP364,ltpFR2,19,24,0.2934027777777778
LTP364,ltpFR2,20,24,0.09895833333333333
LTP364,ltpFR2,21,24,0.21701388888888887
LTP364,ltpFR2,22,24,0.25
LTP365,ltpFR2,0,24,0.4236111111111111
LTP365,ltpFR2,1,24,0.5902777777777778
LTP365,ltpFR2,2,24,0.6128472222222222
LTP365,ltpFR2,3,24,0.657986111111111
LTP365,ltpFR2,4,24,0.6302083333333334
LTP365,ltpFR2,5,24,0.5868055555555556
LTP365,ltpFR2,6,24,0.592013888888889
LTP365,ltpFR2,7,24,0.5694444444444444
LTP365,ltpFR2,8,24,0.592013888888889
LTP365,ltpFR2,9,24,0.5347222222222222
LTP365,ltpFR2,10,24,0.6458333333333334
LTP365,ltpFR2,11,24,0.6597222222222222
LTP365,ltpFR2,12,24,0.5572916666666666
LTP365,ltpFR2,13,24,0.5034722222222222
LTP365,ltpFR2,14,24,0.5208333333333334
LTP365,ltpFR2,15,24,0.5381944444444444
LTP365,ltpFR2,16,24,0.5729166666666666
LTP365,ltpFR2,17,24,0.609375
LTP365,ltpFR2,18,24,0.623263888888889
LTP365,ltpFR2,19,24,0.626736111111111
LTP365,ltpFR2,20,24,0.592013888888889
LTP365,ltpFR2,21,24,0.6822916666666666
LTP365,ltpFR2,22,24,0.5590277777777778
LTP366,ltpFR2,0,24,0.359375
LTP366,ltpFR2,1,24,0.328125
LTP366,ltpFR2,2,24,0.3767361111111111
LTP366,ltpFR2,3,24,0.3854166666666667
LTP366,ltpFR2,4,24,0.4479166666666667
LTP366,ltpFR2,5,24,0.3697916666666667
LTP366,ltpFR2,6,24,0.3229166666666667
LTP366,ltpFR2,7,24,0.375
LTP366,ltpFR2,8,24,0.4045138888888889
LTP366,ltpFR2,9,24,0.3697916666666667
LTP366,ltpFR2,10,24,0.4045138888888889
LTP366,ltpFR2,11,24,0.4149305555555556
LTP366,ltpFR2,12,24,0.40625
LTP366,ltpFR2,13,24,0.4774305555555556
LTP366,ltpFR2,14,24,0.41840277777777773
LTP366,ltpFR2,15,24,0.3125
LTP366,ltpFR2,16,24,0.39409722222222227
LTP366,ltpFR2,17,24,0.3958333333333333
LTP366,ltpFR2,18,24,0.3125
LTP366,ltpFR2,19,24,0.34375
LTP366,ltpFR2,20,24,0.3194444444444445
LTP366,ltpFR2,21,24,0.3454861111111111
LTP366,ltpFR2,22,24,0.3663194444444444
LTP367,ltpFR2,0,24,0.734375
LTP367,ltpFR2,1,24,0.8194444444444445
LTP367,ltpFR2,2,24,0.8402777777777778
LTP367,ltpFR2,3,24,0.9114583333333334
LTP367,ltpFR2,4,24,0.8888888888888888
LTP367,ltpFR2,5,24,0.8871527777777778
LTP367,ltpFR2,6,24,0.8888888888888888
LTP367,ltpFR2,7,24,0.8836805555555555
LTP367,ltpFR2,8,24,0.8680555555555555
LTP367,ltpFR2,9,24,0.7621527777777778
LTP367,ltpFR2,10,24,0.9097222222222222
LTP367,ltpFR2,11,24,0.6996527777777778
LTP367,ltpFR2,12,24,0.9114583333333334
LTP367,ltpFR2,13,24,0.8819444444444445
LTP367,ltpFR2,14,24,0.8940972222222222
LTP367,ltpFR2,15,24,0.9184027777777778
LTP367,ltpFR2,16,24,0.6163194444444444
LTP367,ltpFR2,17,24,0.8472222222222222
LTP367,ltpFR2,18,24,0.7517361111111112
LTP367,ltpFR2,19,24,0.6770833333333334
LTP367,ltpFR2,20,24,0.3802083333333333
LTP367,ltpFR2,21,24,0.3194444444444445
LTP367,ltpFR2,22,24,0.5503472222222222
LTP368,ltpFR2,0,24,0.45659722222222227
LTP369,ltpFR2,0,24,0.6909722222222222
LTP369,ltpFR2,1,24,0.7517361111111112
LTP369,ltpFR2,2,24,0.8020833333333334
LTP369,ltpFR2,3,24,0.7899305555555555
LTP369,ltpFR2,4,24,0.8611111111111112
LTP369,ltpFR2,5,24,0.8628472222222222
LTP369,ltpFR2,6,24,0.84375
LTP369,ltpFR2,7,24,0.8784722222222222
LTP369,ltpFR2,8,24,0.8680555555555555
LTP369,ltpFR2,9,24,0.875
LTP369,ltpFR2,10,24,0.8923611111111112
LTP369,ltpFR2,11,24,0.8697916666666666
LTP369,ltpFR2,12,24,0.9097222222222222
LTP369,ltpFR2,13,24,0.8784722222222222
LTP369,ltpFR2,14,24,0.9236111111111112
LTP369,ltpFR2,15,24,0.9357638888888888
LTP369,ltpFR2,16,24,0.9114583333333334
LTP369,ltpFR2,17,24,0.9166666666666666
LTP369,ltpFR2,18,24,0.9114583333333334
LTP369,ltpFR2,19,24,0.90625
LTP369,ltpFR2,20,24,0.9166666666666666
LTP369,ltpFR2,21,24,0.890625
LTP369,ltpFR2,22,24,0.8802083333333334
LTP370,ltpFR2,0,24,0.5
LTP370,ltpFR2,1,24,0.4982638888888889
LTP370,ltpFR2,2,24,0.6006944444444444
LTP371,ltpFR2,0,24,0.6163194444444444
LTP371,ltpFR2,1,24,0.6788194444444445
LTP371,ltpFR2,2,24,0.7465277777777778
LTP371,ltpFR2,3,24,0.7638888888888888
LTP371,ltpFR2,4,24,0.7395833333333334
LTP371,ltpFR2,5,24,0.7743055555555555
LTP371,ltpFR2,6,24,0.7795138888888888
LTP371,ltpFR2,7,24,0.6840277777777778
LTP371,ltpFR2,8,24,0.7916666666666666
LTP371,ltpFR2,9,24,0.8489583333333334
LTP371,ltpFR2,10,24,0.8611111111111112
LTP371,ltpFR2,11,24,0.8680555555555555
LTP371,ltpFR2,12,24,0.7013888888888888
LTP371,ltpFR2,13,24,0.7465277777777778
LTP371,ltpFR2,14,24,0.7361111111111112
LTP371,ltpFR2,15,24,0.8350694444444445
LTP371,ltpFR2,16,24,0.7378472222222222
LTP371,ltpFR2,17,24,0.8020833333333334
LTP371,ltpFR2,18,24,0.638888888888889
LTP371,ltpFR2,19,24,0.8402777777777778
LTP371,ltpFR2,20,24,0.7916666666666666
LTP371,ltpFR2,21,24,0.8680555555555555
LTP371,ltpFR2,22,24,0.734375
LTP372,ltpFR2,0,24,0.5711805555555556
LTP372,ltpFR2,1,24,0.6180555555555556
LTP372,ltpFR2,2,24,0.7621527777777778
LTP372,ltpFR2,3,24,0.734375
LTP372,ltpFR2,4,24,0.7013888888888888
LTP372,ltpFR2,5,24,0.6614583333333334
LTP372,ltpFR2,6,24,0.7795138888888888
LTP372,ltpFR2,7,24,0.7847222222222222
LTP372,ltpFR2,8,24,0.6458333333333334
LTP372,ltpFR2,9,24,0.7204861111111112
LTP372,ltpFR2,10,24,0.7725694444444445
LTP372,ltpFR2,11,24,0.7239583333333334
LTP372,ltpFR2,12,24,0.626736111111111
LTP372,ltpFR2,13,24,0.5277777777777778
LTP372,ltpFR2,14,24,0.6944444444444445
LTP372,ltpFR2,15,24,0.5225694444444444
LTP372,ltpFR2,16,24,0.796875
LTP372,ltpFR2,17,24,0.5850694444444444
LTP372,ltpFR2,18,24,0.828125
LTP372,ltpFR2,19,24,0.4583333333333333
LTP372,ltpFR2,20,24,0.8211805555555555
LTP372,ltpFR2,21,24,0.7569444444444445
LTP372,ltpFR2,22,24,0.517361111111111
LTP373,ltpFR2,0,24,0.4305555555555556
LTP373,ltpFR2,1,24,0.453125
LTP373,ltpFR2,2,24,0.4704861111111111
LTP373,ltpFR2,3,24,0.3211805555555555
LTP373,ltpFR2,4,24,0.4739583333333333
LTP373,ltpFR2,5,24,0.5260416666666666
LTP373,ltpFR2,6,24,0.4201388888888889
LTP373,ltpFR2,7,24,0.24826388888888887
LTP373,ltpFR2,8,24,0.5052083333333334
LTP373,ltpFR2,9,24,0.5555555555555556
LTP373,ltpFR2,10,24,0.49652777777777773
LTP373,ltpFR2,11,24,0.5677083333333334
LTP373,ltpFR2,12,24,0.4583333333333333
LTP373,ltpFR2,13,24,0.5364583333333334
LTP373,ltpFR2,14,24,0.59375
LTP373,ltpFR2,15,24,0.5399305555555556
LTP373,ltpFR2,16,24,0.3975694444444444
LTP373,ltpFR2,17,24,0.46875
LTP373,ltpFR2,18,24,0.576388888888889
LTP373,ltpFR2,19,24,0.578125
LTP373,ltpFR2,20,24,0.4895833333333333
LTP373,ltpFR2,21,24,0.5260416666666666
LTP373,ltpFR2,22,24,0.4357638888888889
LTP374,ltpFR2,0,24,0.4479166666666667
LTP374,ltpFR2,1,24,0.5086805555555556
LTP374,ltpFR2,2,24,0.5625
LTP374,ltpFR2,3,24,0.625
LTP374,ltpFR2,4,24,0.6440972222222222
LTP374,ltpFR2,7,24,0.6493055555555556
LTP374,ltpFR2,8,24,0.6302083333333334
LTP374,ltpFR2,10,24,0.6631944444444444
LTP374,ltpFR2,11,24,0.642361111111111
LTP374,ltpFR2,12,24,0.6163194444444444
LTP374,ltpFR2,13,24,0.7256944444444445
LTP374,ltpFR2,14,24,0.6944444444444445
LTP374,ltpFR2,15,24,0.6961805555555555
LTP374,ltpFR2,16,24,0.59375
LTP374,ltpFR2,17,24,0.5590277777777778
LTP374,ltpFR2,18,24,0.7586805555555555
LTP374,ltpFR2,19,24,0.7118055555555555
LTP374,ltpFR2,20,24,0.7152777777777778
LTP374,ltpFR2,21,24,0.7621527777777778
LTP374,ltpFR2,22,24,0.78125
LTP375,ltpFR2,0,24,0.5694444444444444
LTP375,ltpFR2,1,24,0.7621527777777778
LTP376,ltpFR2,0,24,0.3420138888888889
LTP376,ltpFR2,1,24,0.34375
LTP376,ltpFR2,3,24,0.2534722222222222
LTP376,ltpFR2,4,24,0.3125
LTP376,ltpFR2,5,24,0.2760416666666667
LTP376,ltpFR2,6,24,0.2708333333333333
LTP376,ltpFR2,7,24,0.2690972222222222
LTP376,ltpFR2,8,24,0.2621527777777778
LTP376,ltpFR2,9,24,0.2638888888888889
LTP376,ltpFR2,10,24,0.3350694444444444
LTP376,ltpFR2,11,24,0.16145833333333334
LTP376,ltpFR2,12,24,0.28125
LTP376,ltpFR2,14,24,0.3020833333333333
LTP376,ltpFR2,15,24,0.2569444444444445
LTP376,ltpFR2,16,24,0.2777777777777778
LTP376,ltpFR2,17,24,0.2881944444444445
LTP376,ltpFR2,18,24,0.28125
LTP376,ltpFR2,19,24,0.3263888888888889
LTP376,ltpFR2,20,24,0.23263888888888887
LTP376,ltpFR2,21,24,0.3229166666666667
LTP376,ltpFR2,22,24,0.3159722222222222
LTP377,ltpFR2,0,24,0.21354166666666666
LTP377,ltpFR2,1,24,0.20486111111111113
LTP377,ltpFR2,2,24,0.3211805555555555
LTP377,ltpFR2,4,24,0.2847222222222222
LTP377,ltpFR2,5,24,0.3003472222222222
LTP377,ltpFR2,6,24,0.13541666666666666
LTP377,ltpFR2,7,24,0.3211805555555555
LTP377,ltpFR2,8,24,0.3263888888888889
LTP377,ltpFR2,9,24,0.579861111111111
LTP377,ltpFR2,10,24,0.5520833333333334
LTP377,ltpFR2,11,24,0.5225694444444444
LTP377,ltpFR2,12,24,0.296875
LTP377,ltpFR2,13,24,0.3211805555555556
LTP377,ltpFR2,17,24,0.296875
LTP377,ltpFR2,22,24,0.3663194444444444
LTP378,ltpFR2,0,24,0.40972222222222227
LTP378,ltpFR2,1,24,0.2951388888888889
LTP378,ltpFR2,2,24,0.3038194444444445
LTP378,ltpFR2,3,24,0.2534722222222222
LTP378,ltpFR2,4,24,0.3576388888888889
LTP378,ltpFR2,5,24,0.16319444444444445
LTP378,ltpFR2,6,24,0.45659722222222227
LTP378,ltpFR2,7,24,0.37847222222222227
LTP378,ltpFR2,8,24,0.16493055555555555
LTP378,ltpFR2,9,24,0.2743055555555555
LTP378,ltpFR2,10,24,0.2743055555555555
LTP378,ltpFR2,11,24,0.3142361111111111
LTP378,ltpFR2,12,24,0.3263888888888889
LTP378,ltpFR2,13,24,0.1527777777777778
LTP378,ltpFR2,14,24,0.3420138888888889
LTP378,ltpFR2,15,24,0.2916666666666667
LTP378,ltpFR2,16,24,0.22916666666666666
LTP378,ltpFR2,17,24,0.3229166666666667
LTP378,ltpFR2,18,24,0.23263888888888887
LTP378,ltpFR2,19,24,0.24826388888888887
LTP378,ltpFR2,20,24,0.18229166666666666
LTP378,ltpFR2,21,24,0.17361111111111113
LTP378,ltpFR2,22,24,0.22395833333333334
LTP379,ltpFR2,0,24,0.9340277777777778
LTP379,ltpFR2,1,24,0.982638888888889
LTP379,ltpFR2,2,24,0.9618055555555555
LTP379,ltpFR2,3,24,0.9496527777777778
LTP379,ltpFR2,4,24,0.9583333333333334
LTP379,ltpFR2,5,24,0.9322916666666666
LTP379,ltpFR2,6,24,0.9409722222222222
LTP379,ltpFR2,7,24,0.9375
LTP379,ltpFR2,8,24,0.9756944444444445
LTP379,ltpFR2,9,24,0.9739583333333334
LTP379,ltpFR2,10,24,0.9270833333333334
LTP379,ltpFR2,11,24,0.9583333333333334
LTP379,ltpFR2,12,24,0.9704861111111112
LTP379,ltpFR2,13,24,0.9756944444444445
LTP379,ltpFR2,14,24,0.9704861111111112
LTP379,ltpFR2,15,24,0.9670138888888888
LTP379,ltpFR2,16,24,0.9739583333333334
LTP379,ltpFR2,17,24,0.953125
LTP379,ltpFR2,18,24,0.9635416666666666
LTP379,ltpFR2,19,24,0.9635416666666666
LTP379,ltpFR2,20,24,0.9670138888888888
LTP379,ltpFR2,21,24,0.96875
LTP379,ltpFR2,22,24,0.9722222222222222
LTP381,ltpFR2,0,24,0.3003472222222222
LTP381,ltpFR2,1,24,0.45659722222222227
LTP381,ltpFR2,2,24,0.3576388888888889
LTP381,ltpFR2,3,24,0.4513888888888889
LTP382,ltpFR2,0,24,0.2881944444444445
LTP382,ltpFR2,1,24,0.2951388888888889
LTP382,ltpFR2,2,24,0.2899305555555555
LTP382,ltpFR2,3,24,0.3767361111111111
LTP383,ltpFR2,0,24,0.2621527777777778
LTP383,ltpFR2,1,24,0.3298611111111111
LTP384,ltpFR2,0,24,0.548611111111111
LTP384,ltpFR2,1,24,0.6215277777777778
LTP384,ltpFR2,2,24,0.560763888888889
LTP384,ltpFR2,3,24,0.6302083333333334
LTP384,ltpFR2,4,24,0.7378472222222222
LTP384,ltpFR2,5,24,0.6493055555555556
LTP384,ltpFR2,6,24,0.71875
LTP385,ltpFR2,0,24,0.3420138888888889
LTP385,ltpFR2,1,24,0.44097222222222227
LTP385,ltpFR2,2,24,0.4583333333333333
LTP385,ltpFR2,3,24,0.4166666666666667
LTP385,ltpFR2,4,24,0.44097222222222227
LTP385,ltpFR2,5,24,0.37152777777777773
LTP385,ltpFR2,6,24,0.4513888888888889
LTP385,ltpFR2,7,24,0.34722222222222227
LTP385,ltpFR2,8,24,0.375
LTP385,ltpFR2,9,24,0.265625
LTP385,ltpFR2,10,24,0.3003472222222222
LTP385,ltpFR2,11,24,0.3368055555555556
LTP385,ltpFR2,12,24,0.2604166666666667
LTP385,ltpFR2,14,24,0.3836805555555556
LTP385,ltpFR2,15,24,0.4444444444444444
LTP385,ltpFR2,16,24,0.515625
LTP385,ltpFR2,17,24,0.3055555555555555
LTP385,ltpFR2,18,24,0.3541666666666667
LTP385,ltpFR2,19,24,0.2951388888888889
LTP385,ltpFR2,20,24,0.3454861111111111
LTP385,ltpFR2,21,24,0.3177083333333333
LTP385,ltpFR2,22,24,0.3888888888888889
LTP386,ltpFR2,0,24,0.3368055555555556
LTP386,ltpFR2,1,24,0.20833333333333334
LTP386,ltpFR2,2,24,0.28125
LTP386,ltpFR2,3,24,0.4288194444444444
LTP386,ltpFR2,4,24,0.47222222222222215
LTP386,ltpFR2,5,24,0.2673611111111111
LTP386,ltpFR2,6,24,0.359375
LTP386,ltpFR2,7,24,0.2847222222222222
LTP386,ltpFR2,8,24,0.24826388888888887
LTP386,ltpFR2,9,24,0.4201388888888889
LTP386,ltpFR2,10,24,0.4444444444444444
LTP386,ltpFR2,11,24,0.2916666666666667
LTP386,ltpFR2,12,24,0.22569444444444445
LTP386,ltpFR2,13,24,0.2777777777777778
LTP386,ltpFR2,14,24,0.3107638888888889
LTP386,ltpFR2,15,24,0.2638888888888889
LTP386,ltpFR2,16,24,0.2725694444444445
LTP386,ltpFR2,17,24,0.3211805555555555
LTP386,ltpFR2,18,24,0.1284722222222222
LTP386,ltpFR2,19,24,0.1684027777777778
LTP386,ltpFR2,20,24,0.18055555555555555
LTP386,ltpFR2,21,24,0.13541666666666666
LTP386,ltpFR2,22,24,0.19444444444444445
LTP387,ltpFR2,0,24,0.6302083333333334
LTP387,ltpFR2,1,24,0.6614583333333334
LTP387,ltpFR2,2,24,0.642361111111111
LTP387,ltpFR2,3,24,0.8072916666666666
LTP387,ltpFR2,4,24,0.7673611111111112
LTP387,ltpFR2,5,24,0.5503472222222222
LTP387,ltpFR2,6,24,0.6597222222222222
LTP387,ltpFR2,7,24,0.7743055555555555
LTP387,ltpFR2,8,24,0.8159722222222222
LTP387,ltpFR2,9,24,0.78125
LTP387,ltpFR2,10,24,0.7690972222222222
LTP387,ltpFR2,11,24,0.7152777777777778
LTP387,ltpFR2,12,24,0.7604166666666666
LTP387,ltpFR2,13,24,0.5659722222222222
LTP387,ltpFR2,14,24,0.6979166666666666
LTP387,ltpFR2,15,24,0.6614583333333334
LTP387,ltpFR2,16,24,0.5746527777777778
LTP387,ltpFR2,17,24,0.609375
LTP387,ltpFR2,18,24,0.592013888888889
LTP387,ltpFR2,19,24,0.5104166666666666
LTP387,ltpFR2,20,24,0.5538194444444444
LTP387,ltpFR2,21,24,0.5885416666666666
LTP387,ltpFR2,22,24,0.6163194444444444
LTP388,ltpFR2,0,24,0.4930555555555556
LTP388,ltpFR2,1,24,0.6805555555555555
LTP389,ltpFR2,0,24,0.5434027777777778
LTP389,ltpFR2,1,24,0.5572916666666666
LTP389,ltpFR2,2,24,0.5625
LTP389,ltpFR2,3,24,0.5590277777777778
LTP389,ltpFR2,4,24,0.6024305555555556
LTP389,ltpFR2,5,24,0.6371527777777778
LTP389,ltpFR2,6,24,0.6041666666666666
LTP389,ltpFR2,7,24,0.611111111111111
LTP389,ltpFR2,8,24,0.6371527777777778
LTP389,ltpFR2,9,24,0.6128472222222222
LTP389,ltpFR2,10,24,0.5989583333333334
LTP389,ltpFR2,11,24,0.6163194444444444
LTP389,ltpFR2,12,24,0.5885416666666666
LTP389,ltpFR2,13,24,0.5746527777777778
LTP389,ltpFR2,14,24,0.6059027777777778
LTP389,ltpFR2,15,24,0.6302083333333334
LTP389,ltpFR2,16,24,0.532986111111111
LTP389,ltpFR2,17,24,0.595486111111111
LTP389,ltpFR2,18,24,0.6336805555555556
LTP389,ltpFR2,19,24,0.5989583333333334
LTP389,ltpFR2,20,24,0.5364583333333334
LTP389,ltpFR2,21,24,0.6857638888888888
LTP389,ltpFR2,22,24,0.6770833333333334
LTP390,ltpFR2,0,24,0.265625
LTP390,ltpFR2,1,24,0.34027777777777773
LTP390,ltpFR2,2,24,0.2881944444444445
LTP390,ltpFR2,3,24,0.2986111111111111
LTP390,ltpFR2,4,24,0.21875
LTP390,ltpFR2,5,24,0.265625
LTP390,ltpFR2,6,24,0.22569444444444445
LTP390,ltpFR2,7,24,0.1875
LTP390,ltpFR2,8,24,0.23958333333333334
LTP390,ltpFR2,9,24,0.23263888888888887
LTP390,ltpFR2,10,24,0.34722222222222227
LTP390,ltpFR2,13,24,0.3263888888888889
LTP390,ltpFR2,14,24,0.24131944444444445
LTP390,ltpFR2,15,24,0.2586805555555555
LTP390,ltpFR2,16,24,0.21875
LTP390,ltpFR2,17,24,0.18229166666666666
LTP390,ltpFR2,18,24,0.19444444444444445
LTP390,ltpFR2,19,24,0.19444444444444445
LTP390,ltpFR2,20,24,0.2309027777777778
LTP390,ltpFR2,21,24,0.234375
LTP390,ltpFR2,22,24,0.1388888888888889
LTP391,ltpFR2,0,24,0.5364583333333334
LTP391,ltpFR2,1,24,0.5729166666666666
LTP391,ltpFR2,2,24,0.4201388888888889
LTP391,ltpFR2,3,24,0.6510416666666666
LTP391,ltpFR2,4,24,0.6944444444444445
LTP391,ltpFR2,5,24,0.6493055555555556
LTP391,ltpFR2,6,24,0.21701388888888887
LTP391,ltpFR2,7,24,0.625
LTP391,ltpFR2,8,24,0.5729166666666666
LTP391,ltpFR2,9,24,0.7586805555555555
LTP391,ltpFR2,10,24,0.6961805555555555
LTP391,ltpFR2,11,24,0.4982638888888889
LTP391,ltpFR2,12,24,0.7100694444444445
LTP391,ltpFR2,13,24,0.7361111111111112
LTP391,ltpFR2,14,24,0.4635416666666667
LTP391,ltpFR2,16,24,0.640625
LTP391,ltpFR2,17,24,0.7621527777777778
LTP391,ltpFR2,18,24,0.703125
LTP391,ltpFR2,19,24,0.3663194444444444
LTP391,ltpFR2,20,24,0.16145833333333334
LTP391,ltpFR2,21,24,0.2222222222222222
LTP391,ltpFR2,22,24,0.7395833333333334
LTP392,ltpFR2,0,24,0.3298611111111111
LTP392,ltpFR2,1,24,0.375
LTP392,ltpFR2,2,24,0.3697916666666667
LTP392,ltpFR2,3,24,0.3385416666666667
LTP393,ltpFR2,0,24,0.37847222222222227
LTP393,ltpFR2,1,24,0.4166666666666667
LTP393,ltpFR2,2,24,0.34027777777777773
LTP393,ltpFR2,3,24,0.3576388888888889
LTP393,ltpFR2,4,24,0.23958333333333334
LTP393,ltpFR2,5,24,0.3003472222222222
LTP393,ltpFR2,6,24,0.22048611111111113
LTP393,ltpFR2,7,24,0.15625
LTP393,ltpFR2,8,24,0.2222222222222222
LTP393,ltpFR2,9,24,0.13020833333333334
LTP393,ltpFR2,10,24,0.21354166666666666
LTP393,ltpFR2,11,24,0.21701388888888887
LTP393,ltpFR2,12,24,0.1545138888888889
LTP393,ltpFR2,13,24,0.125
LTP393,ltpFR2,14,24,0.13368055555555555
LTP393,ltpFR2,15,24,0.08854166666666667
LTP393,ltpFR2,16,24,0.1753472222222222
LTP393,ltpFR2,17,24,0.1996527777777778
LTP393,ltpFR2,18,24,0.171875
LTP393,ltpFR2,19,24,0.23611111111111113
LTP393,ltpFR2,20,24,0.15972222222222224
LTP393,ltpFR2,21,24,0.23958333333333334
LTP393,ltpFR2,22,24,0.23263888888888887
