subject,experiment,session,tcs
LTP093,ltpFR2,0,0.750288630079175
LTP093,ltpFR2,1,0.7664891971550465
LTP093,ltpFR2,2,0.8065210358941561
LTP093,ltpFR2,3,0.8158995180150135
LTP093,ltpFR2,4,0.8523758121898446
LTP093,ltpFR2,5,0.8418923283585568
LTP093,ltpFR2,6,0.8553949462343874
LTP093,ltpFR2,7,0.849924977444816
LTP093,ltpFR2,8,0.8449274479703314
LTP093,ltpFR2,9,0.846822394781073
LTP093,ltpFR2,10,0.8827992529815623
LTP093,ltpFR2,11,0.8684943885673276
LTP093,ltpFR2,12,0.871929097763566
LTP093,ltpFR2,13,0.8764323554236794
LTP093,ltpFR2,14,0.8860376390945747
LTP093,ltpFR2,15,0.8742440298803852
LTP093,ltpFR2,16,0.8806487724343866
LTP093,ltpFR2,17,0.8625762952555577
LTP093,ltpFR2,18,0.85623161163346
LTP093,ltpFR2,19,0.8950535007781641
LTP093,ltpFR2,20,0.8559873124594931
LTP093,ltpFR2,21,0.857344896095472
LTP093,ltpFR2,22,0.8803502988172336
LTP106,ltpFR2,0,0.6410697278839405
LTP106,ltpFR2,1,0.6541390250197902
LTP106,ltpFR2,2,0.6959022967180885
LTP106,ltpFR2,3,0.6865529791153938
LTP106,ltpFR2,4,0.7202276361221575
LTP106,ltpFR2,5,0.7517904192602805
LTP106,ltpFR2,6,0.6767444961163956
LTP106,ltpFR2,7,0.7170414769966681
LTP106,ltpFR2,8,0.7226044266497409
LTP106,ltpFR2,9,0.7119528621995793
LTP106,ltpFR2,10,0.7001528289565825
LTP106,ltpFR2,11,0.7325665387487156
LTP106,ltpFR2,12,0.7382624616262902
LTP106,ltpFR2,13,0.7493481513377866
LTP106,ltpFR2,14,0.7220932960201373
LTP106,ltpFR2,15,0.7267060759329097
LTP106,ltpFR2,16,0.7432502609024763
LTP106,ltpFR2,17,0.7427266780150225
LTP106,ltpFR2,18,0.7666929491056779
LTP106,ltpFR2,19,0.7443353536176592
LTP106,ltpFR2,20,0.7708155676542345
LTP106,ltpFR2,21,0.7736800243784852
LTP106,ltpFR2,22,0.766554985331133
LTP115,ltpFR2,0,0.6786457683022206
LTP115,ltpFR2,1,0.6509211328196997
LTP115,ltpFR2,2,0.604265843025193
LTP115,ltpFR2,3,0.6396742264307606
LTP115,ltpFR2,4,0.6302328558847946
LTP115,ltpFR2,5,0.6424583532981343
LTP115,ltpFR2,6,0.6606824510349493
LTP115,ltpFR2,7,0.6423417325526738
LTP115,ltpFR2,8,0.6570129074011016
LTP115,ltpFR2,9,0.6475238406717833
LTP115,ltpFR2,10,0.6641630928269043
LTP115,ltpFR2,11,0.652538586650831
LTP115,ltpFR2,12,0.6145994816191214
LTP115,ltpFR2,13,0.6658867591448671
LTP115,ltpFR2,14,0.6606002789261064
LTP115,ltpFR2,15,0.6891955614704935
LTP115,ltpFR2,16,0.7265998367076447
LTP115,ltpFR2,17,0.6626514328313441
LTP115,ltpFR2,18,0.6602969749768345
LTP115,ltpFR2,19,0.6685385756123896
LTP115,ltpFR2,20,0.6918233680948972
LTP115,ltpFR2,21,0.6921316941117285
LTP115,ltpFR2,22,0.6708370490584803
LTP117,ltpFR2,0,0.6536847966145866
LTP117,ltpFR2,1,0.7180949342277033
LTP117,ltpFR2,2,0.7212375744859982
LTP117,ltpFR2,3,0.7063514077393402
LTP117,ltpFR2,4,0.7431050924902093
LTP117,ltpFR2,5,0.7441124217029627
LTP117,ltpFR2,6,0.7406656162494546
LTP117,ltpFR2,7,0.7641671100082652
LTP117,ltpFR2,8,0.7086312846283117
LTP117,ltpFR2,9,0.748698186320868
LTP117,ltpFR2,10,0.7521859339928532
LTP117,ltpFR2,11,0.8120992389627779
LTP117,ltpFR2,12,0.7564777946980416
LTP117,ltpFR2,13,0.7495827032830972
LTP117,ltpFR2,14,0.806252136009102
LTP117,ltpFR2,15,0.8110671983353916
LTP117,ltpFR2,16,0.8102180197404536
LTP117,ltpFR2,17,0.8062015443898689
LTP117,ltpFR2,18,0.8213175534700166
LTP117,ltpFR2,19,0.8050343906954774
LTP117,ltpFR2,20,0.8139681487255758
LTP117,ltpFR2,21,0.7910764049691769
LTP117,ltpFR2,22,0.8265425721727931
LTP122,ltpFR2,0,0.7585579720209955
LTP122,ltpFR2,1,0.7265222016226325
LTP122,ltpFR2,2,0.7397281258632513
LTP122,ltpFR2,3,0.7178679961824224
LTP122,ltpFR2,4,0.7302726789109771
LTP122,ltpFR2,5,0.7047225251692503
LTP122,ltpFR2,6,0.6894724365641958
LTP122,ltpFR2,7,0.6934100007100928
LTP122,ltpFR2,8,0.7031387908376533
LTP122,ltpFR2,9,0.7267542325278645
LTP122,ltpFR2,10,0.7808214579825439
LTP122,ltpFR2,11,0.7073632098937249
LTP122,ltpFR2,12,0.6799780236848288
LTP122,ltpFR2,13,0.6809003805732562
LTP122,ltpFR2,14,0.6945278791850239
LTP122,ltpFR2,15,0.6492681198992949
LTP122,ltpFR2,16,0.7137572418828785
LTP122,ltpFR2,17,0.6936575749329178
LTP122,ltpFR2,18,0.7503753738310222
LTP122,ltpFR2,19,0.7326311235986668
LTP122,ltpFR2,20,0.7687817897567814
LTP122,ltpFR2,21,0.732984002539555
LTP122,ltpFR2,22,0.7271224138738845
LTP123,ltpFR2,0,0.5956240096337778
LTP123,ltpFR2,1,0.6147011735694138
LTP123,ltpFR2,2,0.5722462274574136
LTP123,ltpFR2,3,0.5668246511059504
LTP123,ltpFR2,4,0.5896097326486843
LTP123,ltpFR2,5,0.5751402174603063
LTP123,ltpFR2,6,0.5463811866622301
LTP123,ltpFR2,7,0.6083890931732333
LTP123,ltpFR2,8,0.5853298254253406
LTP123,ltpFR2,9,0.5888673253497774
LTP123,ltpFR2,10,0.544644198407186
LTP123,ltpFR2,11,0.5588256476195984
LTP123,ltpFR2,12,0.6106740301421271
LTP123,ltpFR2,13,0.6321258433674967
LTP123,ltpFR2,14,0.5743959491757372
LTP123,ltpFR2,15,0.6067494879506282
LTP123,ltpFR2,16,0.6411427055190689
LTP123,ltpFR2,17,0.5989823556306649
LTP123,ltpFR2,18,0.603722573564122
LTP123,ltpFR2,19,0.6002245691746105
LTP123,ltpFR2,20,0.5851064166690257
LTP123,ltpFR2,21,0.6155011213742336
LTP123,ltpFR2,22,0.6175952653626172
LTP133,ltpFR2,0,0.6618932364678564
LTP133,ltpFR2,1,0.7163715677127197
LTP133,ltpFR2,2,0.7283104255017707
LTP133,ltpFR2,3,0.7402930731372903
LTP133,ltpFR2,4,0.7330314245515582
LTP133,ltpFR2,5,0.7550244175116011
LTP133,ltpFR2,6,0.7628333758114486
LTP133,ltpFR2,7,0.7833946063974472
LTP133,ltpFR2,8,0.7708022662586203
LTP133,ltpFR2,9,0.7714197825712228
LTP133,ltpFR2,10,0.8055998267172236
LTP133,ltpFR2,11,0.7516377617370896
LTP133,ltpFR2,12,0.7930520106171407
LTP133,ltpFR2,13,0.7670309186810877
LTP133,ltpFR2,14,0.7770306900416655
LTP133,ltpFR2,15,0.799754705862932
LTP133,ltpFR2,16,0.8094300737710417
LTP133,ltpFR2,17,0.7654214787743652
LTP133,ltpFR2,18,0.7938718492388688
LTP133,ltpFR2,19,0.7957286412476734
LTP133,ltpFR2,20,0.8211185552255205
LTP133,ltpFR2,21,0.8358861857964115
LTP133,ltpFR2,22,0.8760968754669899
LTP138,ltpFR2,0,0.6340627468582909
LTP138,ltpFR2,1,0.6633758370189642
LTP138,ltpFR2,2,0.657792383951807
LTP138,ltpFR2,3,0.640767935371691
LTP138,ltpFR2,4,0.640489742673898
LTP138,ltpFR2,5,0.637517451308392
LTP138,ltpFR2,6,0.684794640977359
LTP138,ltpFR2,7,0.6779599400236203
LTP138,ltpFR2,8,0.6736273792213551
LTP138,ltpFR2,9,0.5845971803424415
LTP138,ltpFR2,10,0.6634945664280345
LTP138,ltpFR2,11,0.678207591841713
LTP138,ltpFR2,12,0.6801107811486675
LTP138,ltpFR2,13,0.6651563835719956
LTP138,ltpFR2,14,0.6640292043328226
LTP138,ltpFR2,15,0.637041694622774
LTP138,ltpFR2,16,0.6308864767570211
LTP138,ltpFR2,17,0.6481334559328039
LTP138,ltpFR2,18,0.6267250097366729
LTP138,ltpFR2,19,0.6216406380081809
LTP138,ltpFR2,20,0.6727786500013847
LTP138,ltpFR2,21,0.6631206320345561
LTP138,ltpFR2,22,0.6562540217127358
LTP187,ltpFR2,0,0.8454019568697827
LTP187,ltpFR2,1,0.7867867634665304
LTP187,ltpFR2,2,0.8495696789753232
LTP187,ltpFR2,3,0.8024997296919865
LTP187,ltpFR2,4,0.865265955185409
LTP187,ltpFR2,5,0.8276123765561575
LTP187,ltpFR2,6,0.893934527810809
LTP187,ltpFR2,7,0.8503341706568589
LTP187,ltpFR2,8,0.8300850005489325
LTP187,ltpFR2,9,0.8555360299090249
LTP187,ltpFR2,10,0.8759838859176324
LTP187,ltpFR2,11,0.8060763104877987
LTP187,ltpFR2,12,0.7744675849986039
LTP187,ltpFR2,13,0.8210259129453249
LTP207,ltpFR2,0,0.8175419964774647
LTP207,ltpFR2,1,0.8209451738753415
LTP207,ltpFR2,2,0.8172715462603705
LTP207,ltpFR2,3,0.7800413028583357
LTP207,ltpFR2,4,0.7902712124152215
LTP207,ltpFR2,5,0.8647083417059238
LTP207,ltpFR2,6,0.7844952999456435
LTP207,ltpFR2,7,0.7612308386504955
LTP207,ltpFR2,8,0.8032959946671385
LTP207,ltpFR2,9,0.8253714459166279
LTP207,ltpFR2,10,0.8392037163173566
LTP207,ltpFR2,11,0.8616321864060411
LTP207,ltpFR2,12,0.8302953504918885
LTP207,ltpFR2,13,0.7960153522251613
LTP207,ltpFR2,14,0.7126532571802972
LTP207,ltpFR2,15,0.7519247764961842
LTP207,ltpFR2,16,0.7832162510541715
LTP207,ltpFR2,17,0.7695648296839694
LTP207,ltpFR2,18,0.8011501941514166
LTP207,ltpFR2,19,0.6673034862320127
LTP207,ltpFR2,20,0.7666761181829401
LTP207,ltpFR2,21,0.6905591294831329
LTP207,ltpFR2,22,0.8074374842066108
LTP210,ltpFR2,0,0.6068085739404201
LTP210,ltpFR2,1,0.6975789564061108
LTP210,ltpFR2,2,0.6299510403753298
LTP210,ltpFR2,3,0.6224775142756908
LTP210,ltpFR2,4,0.6301038496771315
LTP210,ltpFR2,5,0.5997330815245201
LTP210,ltpFR2,6,0.5030383795056627
LTP210,ltpFR2,7,0.6362833535478264
LTP210,ltpFR2,8,0.6573757975942306
LTP210,ltpFR2,9,0.6158485961422573
LTP210,ltpFR2,10,0.6866516312392107
LTP210,ltpFR2,11,0.6171057170513042
LTP210,ltpFR2,12,0.5949492220514244
LTP210,ltpFR2,13,0.6489267179290411
LTP210,ltpFR2,14,0.7072625991815241
LTP210,ltpFR2,15,0.577624025125438
LTP210,ltpFR2,16,0.5891367089691332
LTP210,ltpFR2,17,0.6647091099420452
LTP210,ltpFR2,18,0.6183259036616495
LTP210,ltpFR2,19,0.6167629545819979
LTP210,ltpFR2,20,0.7919582736841344
LTP210,ltpFR2,21,0.7100978327402199
LTP210,ltpFR2,22,0.6306334071293848
LTP228,ltpFR2,0,0.6725700892707747
LTP228,ltpFR2,1,0.7238029528604186
LTP228,ltpFR2,2,0.7426902401484196
LTP228,ltpFR2,3,0.7257538886297684
LTP228,ltpFR2,4,0.7205474201774417
LTP228,ltpFR2,5,0.7505232710932656
LTP228,ltpFR2,6,0.7908825379191271
LTP228,ltpFR2,7,0.6986113166421674
LTP228,ltpFR2,8,0.7359244574025783
LTP228,ltpFR2,9,0.6797266841345789
LTP228,ltpFR2,10,0.7593754736088928
LTP228,ltpFR2,11,0.821806190469023
LTP228,ltpFR2,12,0.811267911204886
LTP228,ltpFR2,13,0.7548873298413173
LTP228,ltpFR2,14,0.7437067972900662
LTP228,ltpFR2,15,0.7936582149791243
LTP228,ltpFR2,16,0.6898091554900438
LTP228,ltpFR2,17,0.7738903222107556
LTP228,ltpFR2,18,0.7621290700392447
LTP228,ltpFR2,19,0.750095700845843
LTP228,ltpFR2,20,0.7031831470294125
LTP228,ltpFR2,21,0.7877111264495166
LTP228,ltpFR2,22,0.7475525791226438
LTP229,ltpFR2,0,0.7035941735056525
LTP229,ltpFR2,1,0.7174451236340768
LTP229,ltpFR2,2,0.6936007315206785
LTP229,ltpFR2,3,0.7241221356230492
LTP229,ltpFR2,4,0.6726325910894575
LTP229,ltpFR2,5,0.775205418386772
LTP229,ltpFR2,6,0.7850207228256454
LTP229,ltpFR2,7,0.7335700274025535
LTP229,ltpFR2,8,0.6781673651814336
LTP229,ltpFR2,9,0.6830363739762718
LTP229,ltpFR2,10,0.7243770264855353
LTP229,ltpFR2,11,0.7578711262333412
LTP229,ltpFR2,12,0.7068476441876722
LTP229,ltpFR2,13,0.7669725189411494
LTP229,ltpFR2,14,0.6225855877461841
LTP229,ltpFR2,15,0.6880495312680966
LTP229,ltpFR2,16,0.722868446213521
LTP229,ltpFR2,17,0.7225007791081502
LTP229,ltpFR2,18,0.6724921625936802
LTP229,ltpFR2,19,0.762896716189772
LTP229,ltpFR2,20,0.6696916807289031
LTP229,ltpFR2,21,0.6976646488867512
LTP229,ltpFR2,22,0.735824015311151
LTP236,ltpFR2,0,0.6147656642332721
LTP236,ltpFR2,1,0.6627882216879709
LTP236,ltpFR2,2,0.6496944002959845
LTP236,ltpFR2,3,0.6157681187013464
LTP236,ltpFR2,4,0.6927309180303983
LTP236,ltpFR2,5,0.6559057199798718
LTP236,ltpFR2,6,0.6325345217596094
LTP236,ltpFR2,7,0.6200808789262396
LTP236,ltpFR2,8,0.668165146861706
LTP236,ltpFR2,9,0.6362869368489436
LTP236,ltpFR2,10,0.6496308763344857
LTP236,ltpFR2,11,0.6449984114305135
LTP236,ltpFR2,12,0.6965665459338372
LTP236,ltpFR2,13,0.6640331537946391
LTP236,ltpFR2,14,0.6785388053058378
LTP236,ltpFR2,15,0.6635422697059671
LTP236,ltpFR2,16,0.7135214970470799
LTP236,ltpFR2,17,0.692615404767801
LTP236,ltpFR2,18,0.6644936983744549
LTP236,ltpFR2,19,0.6670401851503609
LTP236,ltpFR2,20,0.689767770166361
LTP236,ltpFR2,21,0.7175751390246021
LTP236,ltpFR2,22,0.7223989695638079
LTP242,ltpFR2,0,0.61938080886262
LTP242,ltpFR2,1,0.7542925611291653
LTP246,ltpFR2,0,0.9754993018495609
LTP246,ltpFR2,1,0.9782893013069297
LTP246,ltpFR2,2,0.9701175621300152
LTP246,ltpFR2,3,0.9596768402160895
LTP246,ltpFR2,4,0.9307962308525717
LTP246,ltpFR2,5,0.95351960832105
LTP246,ltpFR2,6,0.9472780134541846
LTP246,ltpFR2,7,0.9630917934703631
LTP246,ltpFR2,8,0.9374447814613429
LTP246,ltpFR2,9,0.918144647477464
LTP246,ltpFR2,10,0.9402401280952587
LTP246,ltpFR2,11,0.9433039266513713
LTP246,ltpFR2,12,0.9114881102512038
LTP246,ltpFR2,13,0.9310304447527336
LTP246,ltpFR2,14,0.9246639807096443
LTP246,ltpFR2,15,0.8973266937858949
LTP246,ltpFR2,16,0.8981047466047444
LTP246,ltpFR2,17,0.9094281530625131
LTP246,ltpFR2,18,0.9281219089016548
LTP246,ltpFR2,19,0.9087900084034289
LTP246,ltpFR2,20,0.9297116766301164
LTP246,ltpFR2,21,0.9032733973751359
LTP246,ltpFR2,22,0.8639357771665083
LTP249,ltpFR2,0,0.6339499833407042
LTP249,ltpFR2,1,0.6563059936009624
LTP249,ltpFR2,2,0.6735290606344937
LTP249,ltpFR2,3,0.7005460952926909
LTP249,ltpFR2,4,0.7232519832080945
LTP249,ltpFR2,5,0.8549788310713438
LTP249,ltpFR2,6,0.8574078149989087
LTP249,ltpFR2,7,0.8664429189240997
LTP249,ltpFR2,8,0.8705621376605551
LTP249,ltpFR2,9,0.8564613890863032
LTP249,ltpFR2,10,0.8471800195078273
LTP249,ltpFR2,11,0.797857992034246
LTP249,ltpFR2,12,0.8415735044858819
LTP249,ltpFR2,13,0.8375474361035491
LTP249,ltpFR2,14,0.8357063364238727
LTP249,ltpFR2,15,0.8435397318679448
LTP249,ltpFR2,16,0.8152680320720791
LTP249,ltpFR2,17,0.7777748863091941
LTP249,ltpFR2,18,0.7728603553705297
LTP249,ltpFR2,19,0.8163166639379681
LTP249,ltpFR2,20,0.8407626313121938
LTP249,ltpFR2,21,0.8346138902356867
LTP249,ltpFR2,22,0.8221657844394002
LTP250,ltpFR2,0,0.6475176258332259
LTP250,ltpFR2,1,0.6810630179388869
LTP250,ltpFR2,2,0.6632800637979238
LTP250,ltpFR2,3,0.7255265250045844
LTP250,ltpFR2,4,0.6163724084078268
LTP250,ltpFR2,5,0.7283801229138254
LTP250,ltpFR2,6,0.6873195062579778
LTP250,ltpFR2,7,0.730132246550546
LTP250,ltpFR2,8,0.7947137072644747
LTP250,ltpFR2,9,0.744143069361964
LTP250,ltpFR2,10,0.7340159477965958
LTP250,ltpFR2,11,0.7140079088557173
LTP250,ltpFR2,12,0.7433618457987217
LTP250,ltpFR2,13,0.7127179214012757
LTP250,ltpFR2,14,0.7836787476716289
LTP250,ltpFR2,15,0.7380371806702668
LTP250,ltpFR2,16,0.721235458962028
LTP250,ltpFR2,18,0.7584431861206999
LTP250,ltpFR2,19,0.799354730876722
LTP250,ltpFR2,20,0.7722112121696101
LTP250,ltpFR2,21,0.8506679403996226
LTP250,ltpFR2,22,0.8410919257510167
LTP251,ltpFR2,0,0.6092376933121401
LTP251,ltpFR2,1,0.607285844526937
LTP251,ltpFR2,2,0.6427923429432831
LTP251,ltpFR2,3,0.6365171120799904
LTP251,ltpFR2,4,0.7650253784833133
LTP251,ltpFR2,5,0.7100068679223511
LTP251,ltpFR2,6,0.6516301687033551
LTP251,ltpFR2,7,0.6401861247616955
LTP251,ltpFR2,8,0.6154394818940345
LTP251,ltpFR2,9,0.6551939865160159
LTP251,ltpFR2,10,0.637750779672477
LTP251,ltpFR2,11,0.7071415944035523
LTP251,ltpFR2,12,0.6594149031981836
LTP251,ltpFR2,13,0.6321808320104113
LTP251,ltpFR2,14,0.68071878090224
LTP251,ltpFR2,15,0.6595978261226788
LTP251,ltpFR2,16,0.7536236268412012
LTP251,ltpFR2,17,0.6962602089071904
LTP251,ltpFR2,18,0.6458683377126839
LTP251,ltpFR2,19,0.6068250051737188
LTP251,ltpFR2,20,0.7041894233619587
LTP251,ltpFR2,21,0.6657791861969539
LTP251,ltpFR2,22,0.6974390316786867
LTP258,ltpFR2,0,0.6726922786026709
LTP258,ltpFR2,1,0.6825355380834554
LTP258,ltpFR2,2,0.7159526497958687
LTP258,ltpFR2,3,0.6816318465051672
LTP258,ltpFR2,4,0.7449035314503446
LTP258,ltpFR2,5,0.6925369756653271
LTP258,ltpFR2,6,0.7345172928313475
LTP258,ltpFR2,7,0.7245732355899098
LTP258,ltpFR2,8,0.7307278319139746
LTP258,ltpFR2,9,0.75418844112984
LTP258,ltpFR2,10,0.7341271389529235
LTP258,ltpFR2,11,0.7511731581924557
LTP258,ltpFR2,12,0.7287462276153319
LTP258,ltpFR2,13,0.7639330907751084
LTP258,ltpFR2,14,0.7362093460229029
LTP258,ltpFR2,15,0.7876026706691907
LTP258,ltpFR2,16,0.7426981061944091
LTP258,ltpFR2,17,0.7401723243202468
LTP258,ltpFR2,18,0.719066061699793
LTP258,ltpFR2,19,0.7584325824826471
LTP258,ltpFR2,20,0.7548360966798816
LTP258,ltpFR2,21,0.7339153425040658
LTP258,ltpFR2,22,0.7365468320874116
LTP259,ltpFR2,0,0.7877106348261158
LTP259,ltpFR2,1,0.7612810075604329
LTP259,ltpFR2,2,0.742229884641532
LTP259,ltpFR2,3,0.7629813683586469
LTP259,ltpFR2,4,0.7567387234249349
LTP259,ltpFR2,5,0.763435880036189
LTP259,ltpFR2,6,0.7469740725246544
LTP259,ltpFR2,7,0.7507053919087145
LTP259,ltpFR2,8,0.7474281365780704
LTP259,ltpFR2,9,0.7476972434540201
LTP259,ltpFR2,10,0.7624472245882868
LTP259,ltpFR2,11,0.7767478581643711
LTP259,ltpFR2,12,0.751303338972133
LTP259,ltpFR2,13,0.7642947867865741
LTP259,ltpFR2,14,0.7611179551577131
LTP259,ltpFR2,15,0.804214386133555
LTP259,ltpFR2,16,0.7707070412559278
LTP259,ltpFR2,17,0.7443181316692201
LTP259,ltpFR2,18,0.7113596930337435
LTP259,ltpFR2,19,0.7485706625469802
LTP259,ltpFR2,20,0.7558785752540937
LTP259,ltpFR2,21,0.6941160510133816
LTP259,ltpFR2,22,0.7483373426047651
LTP260,ltpFR2,0,0.7127185467060269
LTP260,ltpFR2,1,0.6623429845386615
LTP260,ltpFR2,2,0.6601333470677075
LTP260,ltpFR2,3,0.6396680372189604
LTP260,ltpFR2,4,0.6734716025918401
LTP260,ltpFR2,5,0.63947717699842
LTP260,ltpFR2,6,0.6731096786710503
LTP260,ltpFR2,7,0.6613949415201014
LTP260,ltpFR2,8,0.659686219963746
LTP260,ltpFR2,9,0.6712991476582594
LTP260,ltpFR2,10,0.6924490926813345
LTP260,ltpFR2,11,0.7198299595552716
LTP260,ltpFR2,12,0.6924722397463161
LTP260,ltpFR2,13,0.7020142546597935
LTP260,ltpFR2,14,0.6501445187937918
LTP260,ltpFR2,15,0.6448340323789855
LTP260,ltpFR2,16,0.6415423478206675
LTP260,ltpFR2,17,0.7044288399657069
LTP260,ltpFR2,18,0.6738442703213178
LTP260,ltpFR2,19,0.6417566171564133
LTP260,ltpFR2,20,0.6917428371001404
LTP260,ltpFR2,21,0.6813042994594626
LTP260,ltpFR2,22,0.6881614134532897
LTP265,ltpFR2,0,0.6481679119638412
LTP265,ltpFR2,1,0.7538115259467041
LTP265,ltpFR2,2,0.6975687826000122
LTP265,ltpFR2,3,0.6861114039493762
LTP265,ltpFR2,4,0.8581279593035572
LTP265,ltpFR2,5,0.8415485133805082
LTP265,ltpFR2,6,0.8575484186496052
LTP265,ltpFR2,7,0.8334416291985461
LTP265,ltpFR2,8,0.8324625206743458
LTP265,ltpFR2,9,0.8584335380550413
LTP265,ltpFR2,10,0.8509073783639881
LTP265,ltpFR2,11,0.8223751025333487
LTP265,ltpFR2,12,0.8673053961288281
LTP265,ltpFR2,13,0.8434827849815189
LTP265,ltpFR2,14,0.861041241482536
LTP265,ltpFR2,15,0.8636166949445973
LTP265,ltpFR2,16,0.8602416175169934
LTP265,ltpFR2,17,0.856257829272545
LTP265,ltpFR2,18,0.857869235165472
LTP265,ltpFR2,19,0.8452708939040975
LTP265,ltpFR2,20,0.8434489469525549
LTP265,ltpFR2,21,0.8447327668237483
LTP265,ltpFR2,22,0.831737863908408
LTP269,ltpFR2,0,0.7219490111460178
LTP269,ltpFR2,1,0.749126613349952
LTP269,ltpFR2,2,0.7294375556258985
LTP269,ltpFR2,3,0.7154379073352558
LTP269,ltpFR2,4,0.7753143414030491
LTP269,ltpFR2,5,0.7623084631437517
LTP269,ltpFR2,6,0.7856392401211583
LTP269,ltpFR2,7,0.7618232939816035
LTP269,ltpFR2,8,0.8002654038773843
LTP269,ltpFR2,9,0.7933126366576535
LTP269,ltpFR2,10,0.7687244050248464
LTP269,ltpFR2,11,0.7550668171301155
LTP269,ltpFR2,12,0.7859136763324398
LTP269,ltpFR2,13,0.7599225700607466
LTP269,ltpFR2,14,0.8125262394889575
LTP269,ltpFR2,15,0.7842637733104294
LTP269,ltpFR2,16,0.8019555398736616
LTP269,ltpFR2,17,0.8423104269188598
LTP269,ltpFR2,18,0.7961735511942418
LTP269,ltpFR2,19,0.8637523715205634
LTP269,ltpFR2,20,0.8338932367453025
LTP269,ltpFR2,21,0.7922772543984734
LTP269,ltpFR2,22,0.8835422016485593
LTP273,ltpFR2,0,0.5859068690836519
LTP273,ltpFR2,1,0.6638146361976771
LTP273,ltpFR2,2,0.6008967599413546
LTP273,ltpFR2,3,0.7079363510741838
LTP273,ltpFR2,4,0.7173669856528702
LTP273,ltpFR2,5,0.7060340933384971
LTP273,ltpFR2,6,0.7136966417761338
LTP273,ltpFR2,7,0.7028905122655122
LTP273,ltpFR2,8,0.7324400742346687
LTP273,ltpFR2,9,0.6702692302665351
LTP273,ltpFR2,10,0.7979776898548494
LTP273,ltpFR2,11,0.7732925386652942
LTP273,ltpFR2,12,0.722436063257706
LTP273,ltpFR2,13,0.751400275001115
LTP273,ltpFR2,14,0.6095628577582866
LTP273,ltpFR2,15,0.7374144738662947
LTP273,ltpFR2,16,0.7281092657539233
LTP273,ltpFR2,17,0.8166071412458302
LTP273,ltpFR2,18,0.678796201714065
LTP273,ltpFR2,19,0.7327116040698423
LTP273,ltpFR2,20,0.6909485483082904
LTP273,ltpFR2,21,0.7781135995786137
LTP273,ltpFR2,22,0.725087837680111
LTP274,ltpFR2,0,0.6682447050158081
LTP274,ltpFR2,1,0.7694191535649961
LTP274,ltpFR2,2,0.7060103627631319
LTP274,ltpFR2,3,0.6670231061890649
LTP278,ltpFR2,0,0.7140181543228192
LTP278,ltpFR2,1,0.8089563908462067
LTP278,ltpFR2,2,0.6967737752391566
LTP278,ltpFR2,3,0.8095880257867136
LTP278,ltpFR2,4,0.7338778329608263
LTP278,ltpFR2,5,0.7800587209767982
LTP278,ltpFR2,6,0.8684787222430197
LTP278,ltpFR2,7,0.7463446203098875
LTP278,ltpFR2,8,0.8632038190234124
LTP278,ltpFR2,9,0.7942482763705762
LTP278,ltpFR2,10,0.8569367441303093
LTP278,ltpFR2,11,0.7738271479096838
LTP278,ltpFR2,12,0.7789637156316699
LTP278,ltpFR2,13,0.7950854910668698
LTP278,ltpFR2,14,0.652764872142962
LTP278,ltpFR2,15,0.8296641758643915
LTP278,ltpFR2,16,0.8618099986671968
LTP278,ltpFR2,17,0.750372424527515
LTP278,ltpFR2,18,0.8839423233142274
LTP278,ltpFR2,19,0.8607827685651129
LTP278,ltpFR2,20,0.7194650354259639
LTP278,ltpFR2,21,0.8714119286381928
LTP278,ltpFR2,22,0.9083569994829149
LTP279,ltpFR2,0,0.8654042873821725
LTP279,ltpFR2,1,0.8642338680100585
LTP279,ltpFR2,2,0.8777764345056597
LTP279,ltpFR2,3,0.8623743112378942
LTP279,ltpFR2,4,0.8405507217605116
LTP279,ltpFR2,5,0.8658035565498242
LTP279,ltpFR2,6,0.8691858268594713
LTP279,ltpFR2,7,0.8839618881117208
LTP279,ltpFR2,8,0.8776475568447176
LTP279,ltpFR2,9,0.8772093396950087
LTP279,ltpFR2,10,0.8518000262168487
LTP279,ltpFR2,11,0.8687298439275069
LTP279,ltpFR2,12,0.8716990926123525
LTP279,ltpFR2,13,0.8671549936539483
LTP279,ltpFR2,14,0.8803183525765023
LTP279,ltpFR2,15,0.8797708532931175
LTP279,ltpFR2,16,0.9002950255003298
LTP279,ltpFR2,17,0.8524812038522769
LTP279,ltpFR2,18,0.8708583490571387
LTP279,ltpFR2,19,0.8940692187880487
LTP279,ltpFR2,20,0.886251237676126
LTP279,ltpFR2,21,0.8861123383548096
LTP279,ltpFR2,22,0.8618186902360191
LTP280,ltpFR2,0,0.7197531665617828
LTP280,ltpFR2,1,0.6863909387148762
LTP280,ltpFR2,2,0.6884956900514001
LTP280,ltpFR2,3,0.7003445723147711
LTP280,ltpFR2,4,0.7564358128632124
LTP280,ltpFR2,5,0.7128318373131131
LTP280,ltpFR2,6,0.7312616241623906
LTP280,ltpFR2,7,0.764926849094536
LTP280,ltpFR2,8,0.793785494219963
LTP280,ltpFR2,9,0.765807409986435
LTP280,ltpFR2,10,0.7571793695225771
LTP280,ltpFR2,11,0.7327481766252522
LTP280,ltpFR2,12,0.741187405255582
LTP280,ltpFR2,13,0.724703216038819
LTP280,ltpFR2,14,0.7361036145361143
LTP280,ltpFR2,15,0.7291194005721805
LTP280,ltpFR2,16,0.7750321976104028
LTP280,ltpFR2,17,0.7721794829737108
LTP280,ltpFR2,18,0.7830587673154213
LTP280,ltpFR2,19,0.7392183438212019
LTP280,ltpFR2,20,0.7473021345332514
LTP280,ltpFR2,21,0.7679226828585884
LTP280,ltpFR2,22,0.7936811460004525
LTP281,ltpFR2,0,0.7701918744371639
LTP281,ltpFR2,1,0.6768001028550266
LTP283,ltpFR2,0,0.6739152433249359
LTP283,ltpFR2,1,0.636383906715168
LTP283,ltpFR2,2,0.7097696991520248
LTP283,ltpFR2,3,0.7504800809738336
LTP283,ltpFR2,4,0.7650255439534858
LTP283,ltpFR2,5,0.6737323104059001
LTP283,ltpFR2,6,0.7156083158677563
LTP283,ltpFR2,7,0.7998149527532706
LTP283,ltpFR2,8,0.7927160656176925
LTP283,ltpFR2,9,0.7707736365683017
LTP283,ltpFR2,10,0.7606549129115993
LTP283,ltpFR2,11,0.7390973520445405
LTP283,ltpFR2,12,0.7350180393799947
LTP283,ltpFR2,13,0.7505855902327768
LTP283,ltpFR2,14,0.8067904131457144
LTP283,ltpFR2,15,0.7680454336271891
LTP283,ltpFR2,16,0.774333806331124
LTP283,ltpFR2,17,0.7621363994552208
LTP283,ltpFR2,18,0.7651012788288506
LTP283,ltpFR2,19,0.7304131395677526
LTP283,ltpFR2,20,0.6998852398788423
LTP283,ltpFR2,21,0.7588740650258959
LTP283,ltpFR2,22,0.7404631803239691
LTP285,ltpFR2,0,0.5967225736393664
LTP285,ltpFR2,1,0.6282946792650123
LTP285,ltpFR2,2,0.5809847706553801
LTP285,ltpFR2,3,0.5858262440839449
LTP285,ltpFR2,4,0.6614440915325184
LTP285,ltpFR2,5,0.6390803787048286
LTP285,ltpFR2,6,0.6104934106000042
LTP285,ltpFR2,7,0.6019236719491411
LTP285,ltpFR2,8,0.6086023186779419
LTP285,ltpFR2,9,0.5750511994142264
LTP285,ltpFR2,10,0.6246796050578115
LTP285,ltpFR2,11,0.5868406083735059
LTP285,ltpFR2,12,0.5593688488685028
LTP285,ltpFR2,13,0.6057740052170394
LTP285,ltpFR2,14,0.5907455419569868
LTP285,ltpFR2,15,0.5834741769876998
LTP285,ltpFR2,16,0.6295090443675527
LTP285,ltpFR2,17,0.5970680830507787
LTP285,ltpFR2,18,0.5989495548614284
LTP285,ltpFR2,19,0.6257535488085605
LTP285,ltpFR2,20,0.6260200998434282
LTP285,ltpFR2,21,0.5828322624236858
LTP285,ltpFR2,22,0.6241618722551916
LTP287,ltpFR2,0,0.6806027635339761
LTP287,ltpFR2,1,0.679749401460383
LTP287,ltpFR2,2,0.7327449715770947
LTP287,ltpFR2,3,0.7481453274168395
LTP287,ltpFR2,4,0.6337387050026481
LTP287,ltpFR2,5,0.6246369153795962
LTP287,ltpFR2,6,0.685781255270756
LTP287,ltpFR2,7,0.6562502005714849
LTP287,ltpFR2,8,0.6907287124574478
LTP287,ltpFR2,9,0.7398061970061122
LTP287,ltpFR2,10,0.6510607428565405
LTP287,ltpFR2,11,0.7279633583554883
LTP287,ltpFR2,12,0.7111702788838603
LTP287,ltpFR2,13,0.7036787876367985
LTP287,ltpFR2,14,0.7644970217753959
LTP287,ltpFR2,15,0.6716763054790167
LTP287,ltpFR2,16,0.7785131256560749
LTP287,ltpFR2,17,0.6632489018305702
LTP287,ltpFR2,18,0.7897738728529327
LTP287,ltpFR2,19,0.6799128348236496
LTP287,ltpFR2,20,0.7376144489561424
LTP287,ltpFR2,21,0.6198834337136696
LTP287,ltpFR2,22,0.7554719586180159
LTP290,ltpFR2,0,0.9200665825845252
LTP290,ltpFR2,1,0.8977787903760173
LTP290,ltpFR2,2,0.8906564481495888
LTP290,ltpFR2,3,0.9037155465819452
LTP290,ltpFR2,4,0.9211743130805619
LTP290,ltpFR2,5,0.8216900196141877
LTP290,ltpFR2,6,0.8649695627939069
LTP290,ltpFR2,7,0.790775824235486
LTP290,ltpFR2,8,0.912717900284665
LTP290,ltpFR2,9,0.904814751387306
LTP290,ltpFR2,10,0.8851861722578168
LTP290,ltpFR2,11,0.9301546568158782
LTP290,ltpFR2,12,0.8750982599223533
LTP290,ltpFR2,13,0.9180352270921104
LTP290,ltpFR2,14,0.9117684665748202
LTP290,ltpFR2,15,0.8433559626751419
LTP293,ltpFR2,0,0.5950400671225949
LTP293,ltpFR2,1,0.5693785158784637
LTP293,ltpFR2,2,0.5933367258448788
LTP293,ltpFR2,3,0.5413217966263484
LTP293,ltpFR2,4,0.5758319626406063
LTP293,ltpFR2,5,0.5877948578186654
LTP293,ltpFR2,6,0.596587275024956
LTP293,ltpFR2,7,0.6136671462466696
LTP293,ltpFR2,8,0.6079596597818161
LTP293,ltpFR2,9,0.5829125536687741
LTP293,ltpFR2,10,0.6080951109477103
LTP293,ltpFR2,11,0.5897617423210653
LTP293,ltpFR2,12,0.5993258475320792
LTP293,ltpFR2,13,0.5929209926112806
LTP293,ltpFR2,14,0.5875540928897861
LTP293,ltpFR2,15,0.6032629450986978
LTP293,ltpFR2,16,0.5913240048147382
LTP293,ltpFR2,17,0.6043528448978702
LTP293,ltpFR2,18,0.5891535920833747
LTP293,ltpFR2,19,0.6105783229801527
LTP293,ltpFR2,20,0.5769869320974054
LTP293,ltpFR2,21,0.616386250709017
LTP293,ltpFR2,22,0.623977017733988
LTP295,ltpFR2,0,0.6066762061201515
LTP295,ltpFR2,1,0.6930060443522453
LTP295,ltpFR2,2,0.6822125862270338
LTP295,ltpFR2,3,0.6867980841564799
LTP295,ltpFR2,4,0.6715754149561782
LTP295,ltpFR2,5,0.6571070658381281
LTP295,ltpFR2,6,0.6964219338861889
LTP295,ltpFR2,7,0.663842526752613
LTP295,ltpFR2,8,0.7028784336314279
LTP295,ltpFR2,9,0.701004439817548
LTP295,ltpFR2,10,0.6877510119310924
LTP295,ltpFR2,11,0.6686849200954175
LTP295,ltpFR2,12,0.7019531642874376
LTP295,ltpFR2,13,0.7058006729858541
LTP295,ltpFR2,14,0.6935143217490434
LTP295,ltpFR2,15,0.6883590474058138
LTP295,ltpFR2,16,0.703761170220088
LTP295,ltpFR2,17,0.7017600437216281
LTP295,ltpFR2,18,0.7251875602143367
LTP295,ltpFR2,19,0.692553010253571
LTP295,ltpFR2,20,0.7087967989791691
LTP295,ltpFR2,21,0.720523972803529
LTP295,ltpFR2,22,0.6717332329179607
LTP296,ltpFR2,0,0.5725448115325423
LTP296,ltpFR2,1,0.6187020681877068
LTP296,ltpFR2,2,0.6148442021780377
LTP296,ltpFR2,3,0.582571531407317
LTP296,ltpFR2,4,0.5983268260756005
LTP296,ltpFR2,5,0.6418987979155318
LTP296,ltpFR2,6,0.6578876979445016
LTP296,ltpFR2,7,0.5492445831794278
LTP296,ltpFR2,8,0.5888057192213186
LTP296,ltpFR2,9,0.5968801061057555
LTP296,ltpFR2,10,0.6570945142732748
LTP296,ltpFR2,11,0.6348006233786985
LTP296,ltpFR2,12,0.7097572409241116
LTP296,ltpFR2,13,0.6288791439631302
LTP296,ltpFR2,14,0.6588075805455402
LTP296,ltpFR2,15,0.5864862136930429
LTP296,ltpFR2,16,0.6763887244217001
LTP296,ltpFR2,17,0.6475498254688178
LTP296,ltpFR2,18,0.673066380340121
LTP296,ltpFR2,19,0.6666416881628824
LTP296,ltpFR2,20,0.6584579595824811
LTP296,ltpFR2,21,0.6379110346636007
LTP296,ltpFR2,22,0.6603723238773195
LTP297,ltpFR2,0,0.5613749861405977
LTP297,ltpFR2,1,0.5139075555260996
LTP297,ltpFR2,2,0.5683497760939078
LTP297,ltpFR2,3,0.5480679155676872
LTP297,ltpFR2,4,0.5589771227660346
LTP297,ltpFR2,5,0.5904744012047421
LTP297,ltpFR2,6,0.5359940402324479
LTP297,ltpFR2,7,0.5733237478952512
LTP297,ltpFR2,8,0.5484369627143199
LTP297,ltpFR2,9,0.6464572524187956
LTP297,ltpFR2,10,0.6750123586603319
LTP297,ltpFR2,11,0.7113515311722293
LTP297,ltpFR2,12,0.6995966335962739
LTP297,ltpFR2,13,0.7109619544178449
LTP297,ltpFR2,14,0.7472165115413042
LTP297,ltpFR2,15,0.6874514817415965
LTP297,ltpFR2,16,0.7317586297878964
LTP297,ltpFR2,17,0.7023653580308945
LTP297,ltpFR2,18,0.691333110907877
LTP297,ltpFR2,19,0.7055178741530442
LTP297,ltpFR2,20,0.7620382859041989
LTP297,ltpFR2,21,0.7583755509729401
LTP297,ltpFR2,22,0.6943423309508998
LTP298,ltpFR2,0,0.6295281752771705
LTP298,ltpFR2,1,0.7259360313316167
LTP298,ltpFR2,2,0.9028712454999978
LTP298,ltpFR2,3,0.9444114474898884
LTP298,ltpFR2,4,0.8628465962173402
LTP298,ltpFR2,5,0.9170927435420931
LTP298,ltpFR2,6,0.9532082978301694
LTP298,ltpFR2,7,0.8717796174286202
LTP298,ltpFR2,8,0.9412804707105464
LTP298,ltpFR2,9,0.9832004065249785
LTP298,ltpFR2,10,0.8562930615613794
LTP298,ltpFR2,11,0.8842452452905194
LTP299,ltpFR2,0,0.6491218807865792
LTP299,ltpFR2,1,0.6594968593230149
LTP299,ltpFR2,2,0.6616699994385093
LTP299,ltpFR2,3,0.7015645188521193
LTP299,ltpFR2,4,0.7609416807403017
LTP299,ltpFR2,5,0.7074040739328966
LTP299,ltpFR2,6,0.735325301327887
LTP299,ltpFR2,7,0.7624232270001343
LTP299,ltpFR2,8,0.7592430421167261
LTP299,ltpFR2,9,0.712171840188698
LTP299,ltpFR2,10,0.756468960011175
LTP299,ltpFR2,11,0.7513483422285491
LTP299,ltpFR2,12,0.6844137349815617
LTP299,ltpFR2,13,0.6891544655857244
LTP299,ltpFR2,14,0.6863382907064608
LTP299,ltpFR2,15,0.6730959605771308
LTP299,ltpFR2,16,0.7561370851355593
LTP299,ltpFR2,17,0.7546097404235034
LTP299,ltpFR2,18,0.7489059932546488
LTP299,ltpFR2,19,0.7413244175097221
LTP299,ltpFR2,20,0.7481887794416909
LTP299,ltpFR2,21,0.7231289110101974
LTP299,ltpFR2,22,0.7616738866042461
LTP300,ltpFR2,0,0.695493792923652
LTP300,ltpFR2,1,0.6963369881930093
LTP300,ltpFR2,2,0.6959510751241692
LTP300,ltpFR2,3,0.6659458810578611
LTP300,ltpFR2,4,0.7703279701454576
LTP300,ltpFR2,5,0.7382577162598278
LTP300,ltpFR2,6,0.7357716026826475
LTP300,ltpFR2,7,0.6935436735340854
LTP301,ltpFR2,0,0.5761857941416647
LTP301,ltpFR2,1,0.5453560695936187
LTP301,ltpFR2,2,0.547916404190238
LTP301,ltpFR2,3,0.6295062128918792
LTP301,ltpFR2,4,0.5730069088345414
LTP301,ltpFR2,5,0.638108630328413
LTP301,ltpFR2,6,0.5978593833478334
LTP301,ltpFR2,7,0.6012611122403018
LTP301,ltpFR2,8,0.6298824501822359
LTP301,ltpFR2,9,0.6227054205380632
LTP301,ltpFR2,10,0.6585929343073398
LTP301,ltpFR2,11,0.6673298600085275
LTP301,ltpFR2,12,0.5590291500767797
LTP301,ltpFR2,13,0.7258636352075737
LTP301,ltpFR2,14,0.6264322150469768
LTP301,ltpFR2,15,0.6504912349697259
LTP301,ltpFR2,16,0.535216694035798
LTP301,ltpFR2,17,0.6288902593770856
LTP301,ltpFR2,18,0.629567182700134
LTP301,ltpFR2,19,0.6556130221130296
LTP301,ltpFR2,20,0.624906653751024
LTP301,ltpFR2,21,0.6398253483602964
LTP301,ltpFR2,22,0.6030484587920534
LTP302,ltpFR2,0,0.6554072754899359
LTP302,ltpFR2,1,0.6298851281832475
LTP302,ltpFR2,2,0.6604082304465316
LTP302,ltpFR2,3,0.6627606347651377
LTP302,ltpFR2,4,0.6515356304278338
LTP302,ltpFR2,5,0.6874790562831398
LTP302,ltpFR2,6,0.8268139730552124
LTP302,ltpFR2,7,0.786938988577071
LTP302,ltpFR2,8,0.8118204808776555
LTP302,ltpFR2,9,0.8140586109037377
LTP302,ltpFR2,10,0.8299190897146279
LTP302,ltpFR2,11,0.841079883183118
LTP302,ltpFR2,12,0.8222581197981517
LTP302,ltpFR2,13,0.8123665342984062
LTP302,ltpFR2,14,0.7882428316943222
LTP302,ltpFR2,15,0.8600293129625308
LTP302,ltpFR2,16,0.8111222191906168
LTP302,ltpFR2,17,0.8082535375102378
LTP302,ltpFR2,18,0.8305126693624257
LTP302,ltpFR2,19,0.8149843074867502
LTP302,ltpFR2,20,0.7874397630833828
LTP302,ltpFR2,21,0.8180633134737403
LTP302,ltpFR2,22,0.7883885506256293
LTP303,ltpFR2,0,0.9269520397917267
LTP303,ltpFR2,1,0.9430270829032442
LTP303,ltpFR2,2,0.9426580566463962
LTP303,ltpFR2,3,0.9546190286975501
LTP303,ltpFR2,4,0.9394734171689173
LTP303,ltpFR2,5,0.9491256606254836
LTP303,ltpFR2,6,0.9430214058862845
LTP303,ltpFR2,7,0.9427507543399148
LTP303,ltpFR2,8,0.9181498574225766
LTP303,ltpFR2,9,0.9333680180762477
LTP303,ltpFR2,10,0.9121007326123006
LTP303,ltpFR2,11,0.8557602000038637
LTP303,ltpFR2,12,0.9115794771205329
LTP303,ltpFR2,13,0.9184368902647829
LTP303,ltpFR2,14,0.8977739487350971
LTP303,ltpFR2,15,0.921601851574831
LTP303,ltpFR2,16,0.9114176638237099
LTP303,ltpFR2,17,0.9636608179046403
LTP303,ltpFR2,18,0.9511092812879426
LTP303,ltpFR2,19,0.9347862639924932
LTP303,ltpFR2,20,0.942743324675646
LTP303,ltpFR2,21,0.939101491252324
LTP303,ltpFR2,22,0.9385266117988588
LTP304,ltpFR2,0,0.7222457434027566
LTP304,ltpFR2,1,0.6746436486481842
LTP304,ltpFR2,2,0.7082965599403254
LTP304,ltpFR2,3,0.7285385493673632
LTP304,ltpFR2,4,0.7517453046607696
LTP304,ltpFR2,5,0.7573578978616817
LTP304,ltpFR2,6,0.7768784293019719
LTP304,ltpFR2,7,0.804951054584457
LTP304,ltpFR2,8,0.7621665981537951
LTP304,ltpFR2,9,0.701370171241455
LTP304,ltpFR2,10,0.76857738747085
LTP304,ltpFR2,11,0.8044652274149423
LTP304,ltpFR2,12,0.7944335098385175
LTP304,ltpFR2,13,0.830404718208337
LTP304,ltpFR2,14,0.7924710071908786
LTP304,ltpFR2,15,0.7663450267334961
LTP304,ltpFR2,16,0.774094370777152
LTP304,ltpFR2,17,0.7540324484902948
LTP304,ltpFR2,18,0.7396242930813903
LTP304,ltpFR2,19,0.7852855835536592
LTP304,ltpFR2,20,0.7915938744105833
LTP304,ltpFR2,21,0.7566805518352925
LTP304,ltpFR2,22,0.7717667801656697
LTP305,ltpFR2,0,0.6912524966997765
LTP305,ltpFR2,1,0.7066206077079356
LTP305,ltpFR2,2,0.6992716380269293
LTP305,ltpFR2,3,0.7274066530038921
LTP305,ltpFR2,4,0.7730322145339724
LTP305,ltpFR2,5,0.7154021358712103
LTP305,ltpFR2,6,0.7415235854501103
LTP305,ltpFR2,7,0.7742638652292233
LTP305,ltpFR2,8,0.8650983705550269
LTP305,ltpFR2,9,0.8176145683330927
LTP305,ltpFR2,10,0.8056822118001906
LTP305,ltpFR2,11,0.7664929451865776
LTP305,ltpFR2,12,0.8740969097042799
LTP305,ltpFR2,13,0.8114649647737883
LTP305,ltpFR2,14,0.8606781026841595
LTP305,ltpFR2,15,0.7225282836420055
LTP305,ltpFR2,16,0.786485234065917
LTP305,ltpFR2,17,0.7517835478554727
LTP305,ltpFR2,18,0.7418659637779856
LTP305,ltpFR2,19,0.7144893163846626
LTP305,ltpFR2,20,0.8033629688461158
LTP305,ltpFR2,21,0.7091373863942653
LTP305,ltpFR2,22,0.7023793176256854
LTP306,ltpFR2,0,0.6734876486910243
LTP306,ltpFR2,1,0.743820668633413
LTP306,ltpFR2,2,0.7959368197328627
LTP306,ltpFR2,3,0.8118212146049307
LTP306,ltpFR2,4,0.8395398690535298
LTP306,ltpFR2,5,0.8159969910622474
LTP306,ltpFR2,6,0.8269134828290473
LTP306,ltpFR2,7,0.8522334499923586
LTP306,ltpFR2,8,0.8064633507190816
LTP306,ltpFR2,9,0.851497904320034
LTP306,ltpFR2,10,0.847335734687016
LTP306,ltpFR2,11,0.8322654518475342
LTP306,ltpFR2,12,0.8286349866049911
LTP306,ltpFR2,13,0.8138086761649257
LTP306,ltpFR2,14,0.8420752770515247
LTP306,ltpFR2,15,0.742534468642186
LTP306,ltpFR2,16,0.6877158010032041
LTP306,ltpFR2,17,0.7258121388725004
LTP306,ltpFR2,18,0.7112310646353905
LTP306,ltpFR2,19,0.7239371855417431
LTP306,ltpFR2,20,0.7449836761600409
LTP306,ltpFR2,21,0.7432515943427828
LTP306,ltpFR2,22,0.7045698563831673
LTP307,ltpFR2,0,0.6086346649075395
LTP307,ltpFR2,1,0.6401630309287908
LTP307,ltpFR2,2,0.6504439171873383
LTP307,ltpFR2,3,0.6842730311664181
LTP307,ltpFR2,4,0.6266015346804815
LTP307,ltpFR2,5,0.6268521067869898
LTP307,ltpFR2,6,0.6238313630056066
LTP307,ltpFR2,7,0.6993081877719369
LTP307,ltpFR2,8,0.6413402224701915
LTP307,ltpFR2,9,0.6288349210206838
LTP307,ltpFR2,10,0.6778164872685818
LTP307,ltpFR2,11,0.6576774043543889
LTP307,ltpFR2,12,0.6810564199612564
LTP307,ltpFR2,13,0.6918344419158652
LTP307,ltpFR2,14,0.7002519734274558
LTP307,ltpFR2,15,0.7057454898832204
LTP307,ltpFR2,16,0.6969413929535305
LTP307,ltpFR2,17,0.659798873693536
LTP307,ltpFR2,18,0.7316525617626176
LTP307,ltpFR2,19,0.7241012826997792
LTP307,ltpFR2,20,0.7121437004703588
LTP307,ltpFR2,21,0.6768208901217384
LTP307,ltpFR2,22,0.6152727687823267
LTP308,ltpFR2,0,0.6108765260912249
LTP308,ltpFR2,1,0.7117582917560537
LTP309,ltpFR2,0,0.5864920379927807
LTP310,ltpFR2,0,0.6920309136266347
LTP310,ltpFR2,1,0.7950289219324189
LTP310,ltpFR2,2,0.834632817607822
LTP310,ltpFR2,3,0.850722309932772
LTP310,ltpFR2,4,0.8881510555443898
LTP310,ltpFR2,5,0.8654959064999194
LTP310,ltpFR2,6,0.882547438143041
LTP310,ltpFR2,7,0.8725949547617916
LTP310,ltpFR2,8,0.8780330496000589
LTP310,ltpFR2,9,0.9062855938997992
LTP310,ltpFR2,10,0.9091882809769836
LTP310,ltpFR2,11,0.8769075443495103
LTP310,ltpFR2,12,0.9021668346484651
LTP310,ltpFR2,13,0.8897462870317873
LTP310,ltpFR2,14,0.8948820015275979
LTP310,ltpFR2,15,0.8874940902693695
LTP310,ltpFR2,16,0.8747631328073259
LTP310,ltpFR2,17,0.8879132687934925
LTP310,ltpFR2,18,0.9201517421082445
LTP310,ltpFR2,19,0.8810671977412218
LTP310,ltpFR2,20,0.849560293894877
LTP310,ltpFR2,21,0.904951126322061
LTP310,ltpFR2,22,0.8846739469975179
LTP311,ltpFR2,0,0.6646491242111098
LTP311,ltpFR2,1,0.6567895389207554
LTP311,ltpFR2,2,0.6639674977110368
LTP311,ltpFR2,3,0.6903638956642345
LTP311,ltpFR2,4,0.696042101149516
LTP311,ltpFR2,5,0.8082415906216962
LTP311,ltpFR2,6,0.7539108400076274
LTP311,ltpFR2,7,0.8011781548461069
LTP311,ltpFR2,8,0.8429764887441368
LTP311,ltpFR2,9,0.8575666491862286
LTP311,ltpFR2,10,0.8656451490253209
LTP311,ltpFR2,11,0.8498755499523009
LTP311,ltpFR2,12,0.8651967516431174
LTP311,ltpFR2,13,0.8894631622462775
LTP311,ltpFR2,14,0.8751093554923637
LTP311,ltpFR2,15,0.8224900169907269
LTP311,ltpFR2,16,0.8195284523538694
LTP311,ltpFR2,17,0.8288397711714838
LTP311,ltpFR2,18,0.8052992329130917
LTP311,ltpFR2,19,0.8984039665793815
LTP311,ltpFR2,20,0.8562616419075261
LTP311,ltpFR2,21,0.853937525339861
LTP311,ltpFR2,22,0.8714883882594712
LTP312,ltpFR2,0,0.6527328982953337
LTP312,ltpFR2,1,0.6986541360275166
LTP312,ltpFR2,2,0.7106229016629002
LTP312,ltpFR2,3,0.6875314643522675
LTP312,ltpFR2,4,0.6794485035009232
LTP312,ltpFR2,5,0.6758618445572414
LTP312,ltpFR2,6,0.6824996948271094
LTP312,ltpFR2,7,0.6791615273315781
LTP312,ltpFR2,8,0.7524732970539766
LTP312,ltpFR2,9,0.7214358857932895
LTP312,ltpFR2,10,0.6785654068436323
LTP312,ltpFR2,11,0.7521217049277138
LTP312,ltpFR2,12,0.7122915927997449
LTP312,ltpFR2,13,0.6971975471759374
LTP312,ltpFR2,14,0.7815131212660281
LTP312,ltpFR2,15,0.7083781694116181
LTP312,ltpFR2,16,0.7141793240895201
LTP312,ltpFR2,17,0.7186891736195057
LTP312,ltpFR2,18,0.7644661722447784
LTP312,ltpFR2,19,0.7300671574998056
LTP312,ltpFR2,20,0.771848513863853
LTP312,ltpFR2,21,0.6804500486937757
LTP312,ltpFR2,22,0.691272696100376
LTP313,ltpFR2,0,0.6961746652901412
LTP313,ltpFR2,1,0.7794573818993772
LTP313,ltpFR2,2,0.7947704720129422
LTP313,ltpFR2,3,0.8462642400926389
LTP313,ltpFR2,4,0.8534352109994628
LTP313,ltpFR2,5,0.8221762493974905
LTP313,ltpFR2,6,0.8556463097862647
LTP314,ltpFR2,0,0.6427638988251584
LTP314,ltpFR2,1,0.6835716000843957
LTP314,ltpFR2,2,0.6192345002491281
LTP314,ltpFR2,3,0.6374731234764878
LTP314,ltpFR2,4,0.647804834107317
LTP314,ltpFR2,5,0.6472399373576698
LTP314,ltpFR2,6,0.7122077803030151
LTP314,ltpFR2,7,0.6600746532422355
LTP315,ltpFR2,0,0.6866867446232051
LTP315,ltpFR2,1,0.5913900434780901
LTP315,ltpFR2,2,0.6726709303021216
LTP315,ltpFR2,3,0.6672494164574885
LTP315,ltpFR2,4,0.6643571957566884
LTP316,ltpFR2,0,0.7211722225858196
LTP316,ltpFR2,1,0.7012258943973123
LTP316,ltpFR2,2,0.7162587736771245
LTP316,ltpFR2,3,0.7062103756527174
LTP316,ltpFR2,4,0.7360458133471721
LTP316,ltpFR2,5,0.7573258291284387
LTP316,ltpFR2,6,0.7632349497581696
LTP316,ltpFR2,7,0.7572739752427925
LTP316,ltpFR2,8,0.8035534223424659
LTP316,ltpFR2,9,0.8241732674307047
LTP316,ltpFR2,10,0.8048998083790773
LTP316,ltpFR2,11,0.8045737550987985
LTP316,ltpFR2,12,0.7751737876533981
LTP316,ltpFR2,13,0.8140581754013568
LTP316,ltpFR2,14,0.81620428342729
LTP316,ltpFR2,15,0.8642313678858456
LTP316,ltpFR2,16,0.8114436818055292
LTP316,ltpFR2,17,0.8528323292333404
LTP316,ltpFR2,18,0.8172892788921958
LTP316,ltpFR2,19,0.8625869896370345
LTP316,ltpFR2,20,0.8468988422549261
LTP316,ltpFR2,21,0.8524988032907919
LTP316,ltpFR2,22,0.8288512990839497
LTP317,ltpFR2,0,0.7040718964358036
LTP317,ltpFR2,1,0.7128952170595427
LTP317,ltpFR2,2,0.7118597886850643
LTP317,ltpFR2,3,0.6780673317655911
LTP317,ltpFR2,4,0.6858272975385821
LTP317,ltpFR2,5,0.7384106451069757
LTP317,ltpFR2,6,0.677578559154368
LTP317,ltpFR2,7,0.7774503301251158
LTP317,ltpFR2,8,0.7963039949171419
LTP317,ltpFR2,9,0.7191009746544034
LTP317,ltpFR2,10,0.7809989871789543
LTP317,ltpFR2,11,0.7958490769120384
LTP317,ltpFR2,12,0.8109558687697156
LTP317,ltpFR2,13,0.8260487839638074
LTP317,ltpFR2,14,0.8040246859441278
LTP317,ltpFR2,15,0.7648590356726381
LTP317,ltpFR2,16,0.781925217552854
LTP317,ltpFR2,17,0.7720181201667057
LTP317,ltpFR2,18,0.7555495925005173
LTP317,ltpFR2,19,0.7691672157005001
LTP317,ltpFR2,20,0.7993482293668469
LTP317,ltpFR2,21,0.7774002954704882
LTP317,ltpFR2,22,0.7779625749752564
LTP318,ltpFR2,0,0.6688729943304527
LTP318,ltpFR2,1,0.6717099025765699
LTP318,ltpFR2,2,0.6627085087829442
LTP318,ltpFR2,3,0.6943044518690824
LTP318,ltpFR2,4,0.7001335753899665
LTP318,ltpFR2,5,0.6993669400305095
LTP318,ltpFR2,6,0.7750076611569455
LTP318,ltpFR2,7,0.7600429528303283
LTP318,ltpFR2,8,0.6538995865704597
LTP318,ltpFR2,9,0.7704868340406309
LTP318,ltpFR2,10,0.7793189031925066
LTP318,ltpFR2,11,0.7445185296870954
LTP318,ltpFR2,12,0.6907273505563416
LTP318,ltpFR2,13,0.752224985309245
LTP318,ltpFR2,14,0.7876739425961523
LTP318,ltpFR2,15,0.7578885838317353
LTP318,ltpFR2,16,0.8082230261466337
LTP318,ltpFR2,17,0.775675653341337
LTP318,ltpFR2,18,0.759712070675183
LTP318,ltpFR2,19,0.7665405609948911
LTP318,ltpFR2,20,0.7726600255389724
LTP318,ltpFR2,21,0.7824659167099588
LTP318,ltpFR2,22,0.7744503529711028
LTP319,ltpFR2,0,0.7195679495287169
LTP319,ltpFR2,1,0.722666447940349
LTP319,ltpFR2,2,0.7790358312089327
LTP319,ltpFR2,3,0.8148308120719568
LTP319,ltpFR2,4,0.7534053306651821
LTP319,ltpFR2,5,0.7274642773096244
LTP319,ltpFR2,6,0.725180318076053
LTP319,ltpFR2,7,0.7876235942665359
LTP319,ltpFR2,8,0.6860439103187833
LTP319,ltpFR2,9,0.8037449185076926
LTP319,ltpFR2,10,0.8726282190507781
LTP319,ltpFR2,11,0.7725094429580515
LTP320,ltpFR2,0,0.6197413933710714
LTP321,ltpFR2,0,0.6659813641190943
LTP321,ltpFR2,1,0.6258909582586671
LTP321,ltpFR2,2,0.7585325783566755
LTP321,ltpFR2,3,0.7803009378501935
LTP321,ltpFR2,4,0.721943206051089
LTP321,ltpFR2,5,0.7961978256611578
LTP321,ltpFR2,6,0.7589642652698797
LTP321,ltpFR2,7,0.8114023183297125
LTP321,ltpFR2,8,0.7780965621086814
LTP321,ltpFR2,9,0.7938026440838546
LTP321,ltpFR2,10,0.8061384363146797
LTP321,ltpFR2,11,0.7599012109605288
LTP321,ltpFR2,12,0.857251572480622
LTP321,ltpFR2,13,0.7932287899134013
LTP321,ltpFR2,14,0.7978390019884785
LTP321,ltpFR2,15,0.8322800669126506
LTP321,ltpFR2,16,0.7968595312714666
LTP321,ltpFR2,17,0.7621107526613445
LTP321,ltpFR2,18,0.7856394384430855
LTP321,ltpFR2,19,0.8172437194471781
LTP321,ltpFR2,20,0.7914051446852877
LTP321,ltpFR2,21,0.8134978860985379
LTP321,ltpFR2,22,0.8103780392531296
LTP322,ltpFR2,0,0.6367419115077873
LTP322,ltpFR2,1,0.6979488010609769
LTP322,ltpFR2,2,0.6618462159396463
LTP322,ltpFR2,3,0.6730159167797126
LTP322,ltpFR2,4,0.6404574858786766
LTP322,ltpFR2,5,0.7057568697131188
LTP322,ltpFR2,6,0.6957027264650972
LTP322,ltpFR2,7,0.6332595954539796
LTP322,ltpFR2,8,0.6492858640546353
LTP322,ltpFR2,9,0.7462696361195339
LTP322,ltpFR2,10,0.7816242831892555
LTP322,ltpFR2,11,0.7144662415958378
LTP322,ltpFR2,12,0.7110597775981096
LTP322,ltpFR2,13,0.6929762563315952
LTP322,ltpFR2,14,0.6562425727471813
LTP322,ltpFR2,15,0.6764511738056984
LTP322,ltpFR2,16,0.6955105954389239
LTP322,ltpFR2,17,0.6820680532575221
LTP322,ltpFR2,18,0.8019986125943761
LTP322,ltpFR2,19,0.6851281479652599
LTP322,ltpFR2,20,0.6885059446115102
LTP322,ltpFR2,21,0.795988169978119
LTP322,ltpFR2,22,0.7219966052440122
LTP323,ltpFR2,0,0.7353477942511387
LTP323,ltpFR2,1,0.6870660954056503
LTP323,ltpFR2,2,0.6668958407162274
LTP323,ltpFR2,3,0.7297052645816069
LTP323,ltpFR2,4,0.7076043728001807
LTP323,ltpFR2,5,0.7576617494055607
LTP323,ltpFR2,6,0.726623848548973
LTP323,ltpFR2,7,0.7832900172363905
LTP323,ltpFR2,8,0.7665812618148936
LTP323,ltpFR2,9,0.7813785130068656
LTP323,ltpFR2,10,0.7607520505367216
LTP323,ltpFR2,11,0.7411184579353796
LTP323,ltpFR2,12,0.7532590121157821
LTP323,ltpFR2,13,0.7727028536560058
LTP323,ltpFR2,14,0.7612650628406048
LTP323,ltpFR2,15,0.7428168877542792
LTP323,ltpFR2,16,0.7561906078583759
LTP323,ltpFR2,17,0.768094137249082
LTP323,ltpFR2,18,0.7630096743827238
LTP323,ltpFR2,19,0.7547562320580381
LTP323,ltpFR2,20,0.7579823310323354
LTP323,ltpFR2,21,0.797364034650442
LTP323,ltpFR2,22,0.7823182545381783
LTP324,ltpFR2,0,0.6580056624184023
LTP324,ltpFR2,1,0.7278390691233788
LTP324,ltpFR2,2,0.7770981165479355
LTP324,ltpFR2,3,0.7207225891189006
LTP324,ltpFR2,4,0.8413588174982135
LTP324,ltpFR2,5,0.832672802034658
LTP324,ltpFR2,6,0.796305121830752
LTP324,ltpFR2,7,0.7845565277320837
LTP324,ltpFR2,8,0.8240461184264989
LTP324,ltpFR2,9,0.8173308124921301
LTP324,ltpFR2,10,0.7791664180654978
LTP324,ltpFR2,11,0.8797775505398701
LTP324,ltpFR2,12,0.816610393921168
LTP324,ltpFR2,13,0.7512270712136772
LTP324,ltpFR2,14,0.8401642730708663
LTP324,ltpFR2,15,0.8389089344325877
LTP324,ltpFR2,16,0.8310347708234423
LTP324,ltpFR2,17,0.9088079880251557
LTP324,ltpFR2,18,0.8619681848980302
LTP324,ltpFR2,19,0.9040710603157223
LTP324,ltpFR2,20,0.7990170300506354
LTP324,ltpFR2,21,0.8461676626279617
LTP324,ltpFR2,22,0.8200309373154814
LTP325,ltpFR2,0,0.5614326437355494
LTP325,ltpFR2,1,0.6185288909212581
LTP325,ltpFR2,2,0.6304938037369554
LTP325,ltpFR2,3,0.671545386985768
LTP325,ltpFR2,4,0.6383516551357912
LTP325,ltpFR2,5,0.658541154143338
LTP325,ltpFR2,6,0.7390555154286532
LTP325,ltpFR2,7,0.784528413500293
LTP325,ltpFR2,8,0.7485387313161498
LTP325,ltpFR2,9,0.7806621465087468
LTP325,ltpFR2,10,0.749955518586981
LTP325,ltpFR2,11,0.772357971441964
LTP325,ltpFR2,12,0.7772339465549828
LTP325,ltpFR2,13,0.7518193544954136
LTP325,ltpFR2,14,0.8079384133819801
LTP325,ltpFR2,15,0.8079895433979022
LTP325,ltpFR2,16,0.7915384544353863
LTP325,ltpFR2,17,0.8067293617185172
LTP325,ltpFR2,18,0.857663265020954
LTP325,ltpFR2,19,0.810503532651501
LTP325,ltpFR2,20,0.8113587078002024
LTP325,ltpFR2,21,0.8374076325628913
LTP325,ltpFR2,22,0.8327215194909622
LTP326,ltpFR2,0,0.6641833655131731
LTP326,ltpFR2,1,0.684129784390816
LTP326,ltpFR2,2,0.6973935747067109
LTP326,ltpFR2,3,0.6254194058337386
LTP326,ltpFR2,4,0.6788779641012862
LTP326,ltpFR2,5,0.6377651072829378
LTP326,ltpFR2,6,0.7025656391446543
LTP326,ltpFR2,7,0.6489787471187992
LTP326,ltpFR2,8,0.6537376179565558
LTP326,ltpFR2,9,0.6934244510249945
LTP326,ltpFR2,10,0.6858540961135811
LTP326,ltpFR2,11,0.6661379935499483
LTP326,ltpFR2,12,0.6406287934582676
LTP326,ltpFR2,13,0.651351922726544
LTP326,ltpFR2,14,0.6701965191376766
LTP326,ltpFR2,15,0.6522754170164192
LTP326,ltpFR2,16,0.6396879961085072
LTP326,ltpFR2,17,0.6667451997296884
LTP326,ltpFR2,18,0.6434130857807011
LTP326,ltpFR2,20,0.6585108079669925
LTP326,ltpFR2,21,0.6430788049704457
LTP326,ltpFR2,22,0.6431274599310114
LTP327,ltpFR2,0,0.6982293083416723
LTP327,ltpFR2,1,0.7457628185534464
LTP327,ltpFR2,2,0.767789693449902
LTP327,ltpFR2,3,0.8241982397358982
LTP327,ltpFR2,4,0.8000880796281323
LTP327,ltpFR2,5,0.8279519885679872
LTP327,ltpFR2,6,0.7850108207445666
LTP327,ltpFR2,7,0.7800873893205282
LTP327,ltpFR2,8,0.8126268992798179
LTP327,ltpFR2,9,0.7724569603035677
LTP327,ltpFR2,10,0.8027473732755354
LTP327,ltpFR2,11,0.7801881206808908
LTP327,ltpFR2,12,0.8125814547006436
LTP327,ltpFR2,13,0.8076582468458368
LTP327,ltpFR2,14,0.7846333084170372
LTP327,ltpFR2,15,0.7973644698217927
LTP327,ltpFR2,16,0.7890555133225963
LTP327,ltpFR2,17,0.8171510633014277
LTP327,ltpFR2,18,0.788437041698966
LTP327,ltpFR2,19,0.7935607624443463
LTP327,ltpFR2,20,0.7829928161915963
LTP327,ltpFR2,21,0.7652349699949786
LTP327,ltpFR2,22,0.7714624624708813
LTP328,ltpFR2,0,0.8194777972429653
LTP328,ltpFR2,1,0.8338392662080988
LTP328,ltpFR2,2,0.8519735288242564
LTP328,ltpFR2,3,0.8602403124383341
LTP328,ltpFR2,4,0.8544681207090205
LTP328,ltpFR2,5,0.850250336953009
LTP328,ltpFR2,6,0.8788727181785058
LTP328,ltpFR2,7,0.873074584965616
LTP328,ltpFR2,8,0.8675726586607931
LTP328,ltpFR2,9,0.9003221622270942
LTP328,ltpFR2,10,0.8709969198775451
LTP328,ltpFR2,11,0.8719406639033077
LTP328,ltpFR2,12,0.893669692306554
LTP328,ltpFR2,13,0.9085016073691204
LTP328,ltpFR2,14,0.9183910400189367
LTP328,ltpFR2,15,0.9059279866033604
LTP328,ltpFR2,16,0.909851811256697
LTP328,ltpFR2,17,0.8882316367748461
LTP328,ltpFR2,18,0.9065613931977968
LTP328,ltpFR2,19,0.9050629099957751
LTP328,ltpFR2,20,0.9192600867546948
LTP328,ltpFR2,21,0.9019103152745291
LTP328,ltpFR2,22,0.8746417923139921
LTP329,ltpFR2,0,0.555963943766065
LTP329,ltpFR2,1,0.5547868208359127
LTP329,ltpFR2,2,0.6381918459399988
LTP329,ltpFR2,3,0.6073320335920686
LTP329,ltpFR2,4,0.6077768390631245
LTP329,ltpFR2,5,0.6143613639087713
LTP329,ltpFR2,6,0.6452054232014578
LTP329,ltpFR2,7,0.6076346654257395
LTP329,ltpFR2,8,0.6276053082640849
LTP329,ltpFR2,9,0.6405480422914471
LTP329,ltpFR2,10,0.6387068531796963
LTP329,ltpFR2,11,0.626533255763788
LTP329,ltpFR2,12,0.5970545936392248
LTP329,ltpFR2,13,0.5932120587461918
LTP329,ltpFR2,14,0.5864933009280088
LTP329,ltpFR2,15,0.5661016417325956
LTP329,ltpFR2,16,0.6322676716018248
LTP329,ltpFR2,17,0.615626141093501
LTP329,ltpFR2,18,0.6177758950169345
LTP329,ltpFR2,19,0.6296496474059458
LTP329,ltpFR2,20,0.5621422941195678
LTP329,ltpFR2,21,0.6020247867898845
LTP329,ltpFR2,22,0.6426911838090188
LTP330,ltpFR2,0,0.5639599816829205
LTP330,ltpFR2,1,0.6361034435944807
LTP330,ltpFR2,2,0.6449401692603057
LTP330,ltpFR2,3,0.6201198383582707
LTP330,ltpFR2,4,0.6447861576337527
LTP330,ltpFR2,5,0.6366561687206103
LTP330,ltpFR2,6,0.6522420834740204
LTP330,ltpFR2,7,0.6221034446665918
LTP330,ltpFR2,8,0.608221058839861
LTP330,ltpFR2,9,0.6197666428656116
LTP330,ltpFR2,10,0.6148459279516162
LTP330,ltpFR2,11,0.61152159806984
LTP330,ltpFR2,12,0.6161150281910774
LTP330,ltpFR2,13,0.6624118525696948
LTP330,ltpFR2,14,0.5928126255282554
LTP330,ltpFR2,15,0.6057761535375831
LTP330,ltpFR2,16,0.642467367517829
LTP330,ltpFR2,17,0.651324229621514
LTP330,ltpFR2,18,0.6334811645361779
LTP330,ltpFR2,19,0.6053101503164472
LTP330,ltpFR2,20,0.6445474042357673
LTP330,ltpFR2,21,0.6433228702166146
LTP330,ltpFR2,22,0.6732925066160981
LTP331,ltpFR2,0,0.9376407951868568
LTP331,ltpFR2,1,0.9132286982280572
LTP331,ltpFR2,2,0.915486808293745
LTP331,ltpFR2,3,0.944500719538495
LTP331,ltpFR2,4,0.9320918415149939
LTP331,ltpFR2,5,0.9127214706858419
LTP331,ltpFR2,6,0.9195302405875246
LTP331,ltpFR2,7,0.9164153225953453
LTP331,ltpFR2,8,0.8429052657689798
LTP331,ltpFR2,9,0.863609100396693
LTP331,ltpFR2,10,0.8884465100194183
LTP331,ltpFR2,11,0.9019169441261407
LTP331,ltpFR2,12,0.8982121697379305
LTP331,ltpFR2,13,0.8539466477482177
LTP331,ltpFR2,14,0.8205798957223357
LTP331,ltpFR2,15,0.7927967479571698
LTP331,ltpFR2,16,0.7707218783043959
LTP331,ltpFR2,17,0.7982411215160828
LTP331,ltpFR2,18,0.8475238481654913
LTP331,ltpFR2,19,0.8250763836380223
LTP331,ltpFR2,20,0.8459315885380829
LTP331,ltpFR2,21,0.8303121535726765
LTP331,ltpFR2,22,0.7881401157428107
LTP334,ltpFR2,0,0.6667054825351659
LTP334,ltpFR2,1,0.67585564441864
LTP334,ltpFR2,2,0.6930573164400703
LTP334,ltpFR2,3,0.7033862820612088
LTP334,ltpFR2,4,0.7042295366201327
LTP334,ltpFR2,5,0.6001649121145113
LTP334,ltpFR2,6,0.6930016964396017
LTP334,ltpFR2,7,0.6568996349983707
LTP334,ltpFR2,8,0.638793681707313
LTP334,ltpFR2,9,0.6643439558343797
LTP334,ltpFR2,10,0.6690662235236148
LTP334,ltpFR2,11,0.7167656416538959
LTP334,ltpFR2,12,0.6536224644473428
LTP334,ltpFR2,13,0.7271469736579184
LTP334,ltpFR2,14,0.7310336954129166
LTP334,ltpFR2,15,0.6624071379167851
LTP334,ltpFR2,16,0.6895647298315248
LTP334,ltpFR2,17,0.7081460196288084
LTP334,ltpFR2,18,0.7268074261363497
LTP334,ltpFR2,19,0.6939626213159169
LTP334,ltpFR2,20,0.6896206549010301
LTP334,ltpFR2,21,0.7013051187740683
LTP334,ltpFR2,22,0.7177221862278088
LTP336,ltpFR2,0,0.6061622252306401
LTP336,ltpFR2,1,0.613032501028408
LTP336,ltpFR2,2,0.6309501538825156
LTP336,ltpFR2,3,0.6872201128899168
LTP336,ltpFR2,4,0.7138287456677531
LTP336,ltpFR2,5,0.6465791248286082
LTP336,ltpFR2,6,0.6890724169114644
LTP336,ltpFR2,7,0.7788298484342401
LTP336,ltpFR2,8,0.6926463622582676
LTP336,ltpFR2,9,0.7212940736951582
LTP336,ltpFR2,10,0.729122890062749
LTP336,ltpFR2,11,0.7092517097883999
LTP336,ltpFR2,12,0.7672954822901427
LTP336,ltpFR2,17,0.7674784964234906
LTP336,ltpFR2,18,0.802421763749192
LTP336,ltpFR2,19,0.6869441716620817
LTP336,ltpFR2,20,0.8130330568309354
LTP336,ltpFR2,21,0.7751756250531475
LTP336,ltpFR2,22,0.7772421985606854
LTP337,ltpFR2,0,0.7340910641673958
LTP337,ltpFR2,1,0.729169125416754
LTP337,ltpFR2,2,0.6608807060891245
LTP337,ltpFR2,3,0.7274043352388803
LTP338,ltpFR2,0,0.6731033819492386
LTP338,ltpFR2,1,0.8506057549569731
LTP338,ltpFR2,2,0.7933790489469857
LTP338,ltpFR2,3,0.8013805058031432
LTP338,ltpFR2,4,0.7997100632211992
LTP338,ltpFR2,5,0.7928139088131155
LTP338,ltpFR2,6,0.8260963077076258
LTP338,ltpFR2,7,0.833577580438238
LTP338,ltpFR2,8,0.8118424165300664
LTP338,ltpFR2,9,0.7837539161597934
LTP338,ltpFR2,10,0.8052417651561442
LTP338,ltpFR2,11,0.7596456663726707
LTP338,ltpFR2,14,0.7128382477858803
LTP338,ltpFR2,15,0.7399493783979444
LTP338,ltpFR2,16,0.8257715197693285
LTP338,ltpFR2,17,0.6717382773064647
LTP338,ltpFR2,18,0.7794209228498018
LTP338,ltpFR2,19,0.7018230341041795
LTP338,ltpFR2,20,0.760861896220633
LTP338,ltpFR2,21,0.7541953540125036
LTP338,ltpFR2,22,0.7607291445423767
LTP339,ltpFR2,0,0.5213577860340018
LTP339,ltpFR2,1,0.535856702297486
LTP339,ltpFR2,2,0.5309273054356841
LTP339,ltpFR2,3,0.7512174507610565
LTP339,ltpFR2,4,0.6139260023653126
LTP339,ltpFR2,5,0.6394101693556593
LTP339,ltpFR2,6,0.6638804938301048
LTP339,ltpFR2,7,0.7804768804243852
LTP339,ltpFR2,8,0.5796412773490511
LTP339,ltpFR2,9,0.7046784997023118
LTP339,ltpFR2,10,0.7138446162882368
LTP339,ltpFR2,11,0.7636125441518203
LTP339,ltpFR2,12,0.7145508760824537
LTP339,ltpFR2,13,0.6804731393125517
LTP339,ltpFR2,14,0.7029462823343732
LTP339,ltpFR2,15,0.776281097063567
LTP339,ltpFR2,16,0.7755639237256683
LTP339,ltpFR2,17,0.7421418757898524
LTP339,ltpFR2,18,0.8528919981555333
LTP339,ltpFR2,19,0.7508452105763369
LTP339,ltpFR2,20,0.7917313889375871
LTP339,ltpFR2,21,0.830772059286121
LTP339,ltpFR2,22,0.7984548001857906
LTP340,ltpFR2,0,0.6468641783676169
LTP340,ltpFR2,1,0.681383783703151
LTP340,ltpFR2,2,0.7265272157295336
LTP340,ltpFR2,3,0.802984236932391
LTP340,ltpFR2,4,0.6726945048977677
LTP340,ltpFR2,5,0.8165281655119166
LTP340,ltpFR2,6,0.8260312384896374
LTP340,ltpFR2,7,0.7638252922237885
LTP340,ltpFR2,8,0.7903052274427403
LTP340,ltpFR2,9,0.8033598110083444
LTP340,ltpFR2,10,0.8379561879829762
LTP340,ltpFR2,11,0.808043861311355
LTP340,ltpFR2,12,0.6460539819263698
LTP340,ltpFR2,13,0.8046756655546323
LTP340,ltpFR2,14,0.8347186886294061
LTP340,ltpFR2,15,0.8139697262477558
LTP340,ltpFR2,16,0.8932527659219892
LTP340,ltpFR2,17,0.8140346554870647
LTP340,ltpFR2,18,0.7324243453120459
LTP340,ltpFR2,19,0.9434320887445887
LTP340,ltpFR2,20,0.889186977516403
LTP340,ltpFR2,21,0.8605697842999507
LTP340,ltpFR2,22,0.9026896787423103
LTP341,ltpFR2,0,0.6938775679160597
LTP341,ltpFR2,1,0.6926901240616056
LTP341,ltpFR2,2,0.7237290243252805
LTP341,ltpFR2,3,0.7093435233018162
LTP341,ltpFR2,4,0.7542172747108725
LTP341,ltpFR2,5,0.7526859783320177
LTP341,ltpFR2,6,0.7725054983248952
LTP341,ltpFR2,7,0.7464222133077544
LTP341,ltpFR2,8,0.7678367615675669
LTP341,ltpFR2,9,0.7522978908741563
LTP341,ltpFR2,10,0.7556789657118101
LTP341,ltpFR2,11,0.7565025095943323
LTP341,ltpFR2,12,0.8145777038851015
LTP341,ltpFR2,13,0.7461344235212773
LTP341,ltpFR2,14,0.7707859000013647
LTP341,ltpFR2,15,0.8282117332126129
LTP341,ltpFR2,16,0.7612890627946284
LTP341,ltpFR2,17,0.7862247352965744
LTP341,ltpFR2,18,0.7552260854175752
LTP341,ltpFR2,19,0.7762501097600777
LTP341,ltpFR2,20,0.8033886826628529
LTP341,ltpFR2,21,0.7462036991824585
LTP341,ltpFR2,22,0.8009602609808019
LTP342,ltpFR2,0,0.736873452032269
LTP342,ltpFR2,1,0.7904421612058242
LTP342,ltpFR2,2,0.8067527530472548
LTP342,ltpFR2,3,0.8018243528302808
LTP342,ltpFR2,4,0.7778855465402178
LTP342,ltpFR2,5,0.8090936610184413
LTP342,ltpFR2,6,0.8033425989928545
LTP342,ltpFR2,7,0.831469606021865
LTP342,ltpFR2,8,0.7807444668147281
LTP342,ltpFR2,9,0.8536252307637922
LTP342,ltpFR2,10,0.8439791261081631
LTP342,ltpFR2,11,0.799781237120759
LTP342,ltpFR2,12,0.8400723173547089
LTP342,ltpFR2,13,0.8154178283123525
LTP342,ltpFR2,14,0.8135670519849864
LTP342,ltpFR2,15,0.8935923893286525
LTP342,ltpFR2,16,0.8261105222039368
LTP342,ltpFR2,17,0.756969850437102
LTP342,ltpFR2,18,0.7648957392895864
LTP342,ltpFR2,19,0.7929735809166769
LTP342,ltpFR2,20,0.8396625195038253
LTP342,ltpFR2,21,0.8169856876694263
LTP342,ltpFR2,22,0.7176781418136599
LTP343,ltpFR2,0,0.7353899993281846
LTP343,ltpFR2,1,0.6979785456817386
LTP343,ltpFR2,2,0.692174260022957
LTP343,ltpFR2,3,0.686055976843612
LTP343,ltpFR2,4,0.7035053564991908
LTP343,ltpFR2,5,0.694864383572619
LTP343,ltpFR2,6,0.6945254179787259
LTP343,ltpFR2,7,0.7755684441921815
LTP343,ltpFR2,8,0.7290322358828245
LTP343,ltpFR2,9,0.7370614877345562
LTP343,ltpFR2,10,0.7700442668060538
LTP343,ltpFR2,11,0.7241065895473918
LTP343,ltpFR2,12,0.784263345386259
LTP343,ltpFR2,13,0.7803150189236968
LTP343,ltpFR2,14,0.7661583061327827
LTP343,ltpFR2,15,0.7749886880529585
LTP343,ltpFR2,16,0.7517189048983614
LTP343,ltpFR2,17,0.7065732026575283
LTP343,ltpFR2,18,0.7582965305310564
LTP343,ltpFR2,19,0.7288327067257957
LTP343,ltpFR2,20,0.7594795200642608
LTP343,ltpFR2,21,0.7669168919812894
LTP343,ltpFR2,22,0.7522853994021476
LTP344,ltpFR2,0,0.6014694869100431
LTP344,ltpFR2,1,0.6407356680665331
LTP344,ltpFR2,2,0.5959205326924807
LTP344,ltpFR2,3,0.6449156664261299
LTP344,ltpFR2,4,0.680628139908147
LTP344,ltpFR2,5,0.7417955521272083
LTP344,ltpFR2,6,0.7581460671354993
LTP344,ltpFR2,7,0.751754514649924
LTP344,ltpFR2,8,0.7626630458532954
LTP344,ltpFR2,9,0.8014917844789262
LTP344,ltpFR2,10,0.7713973691718145
LTP344,ltpFR2,11,0.7329299441621184
LTP344,ltpFR2,12,0.7339015793552227
LTP344,ltpFR2,13,0.7734040336656887
LTP344,ltpFR2,14,0.751291206875746
LTP344,ltpFR2,15,0.7948294878389568
LTP344,ltpFR2,16,0.7505056229391404
LTP344,ltpFR2,17,0.8393814627691509
LTP344,ltpFR2,18,0.7627947916284956
LTP344,ltpFR2,19,0.8071344208844834
LTP344,ltpFR2,20,0.7485285390077451
LTP344,ltpFR2,21,0.7578470509293885
LTP344,ltpFR2,22,0.7969585222665897
LTP346,ltpFR2,0,0.6269331925080261
LTP346,ltpFR2,1,0.6397205162321126
LTP346,ltpFR2,2,0.6301374084409356
LTP346,ltpFR2,3,0.7079579966517019
LTP346,ltpFR2,4,0.7003003630819075
LTP346,ltpFR2,5,0.719983386307456
LTP346,ltpFR2,6,0.7782331354635456
LTP346,ltpFR2,7,0.7928050062381637
LTP346,ltpFR2,8,0.7854755539698838
LTP346,ltpFR2,9,0.8202123873017678
LTP346,ltpFR2,10,0.8261186610704438
LTP346,ltpFR2,11,0.8469658445123467
LTP346,ltpFR2,13,0.82533335420689
LTP346,ltpFR2,14,0.8259696302951385
LTP346,ltpFR2,15,0.7965261570062973
LTP346,ltpFR2,16,0.8267536612880217
LTP346,ltpFR2,17,0.8363997108708464
LTP346,ltpFR2,18,0.8110409338387217
LTP346,ltpFR2,19,0.8425078749688529
LTP346,ltpFR2,20,0.8408268476165156
LTP346,ltpFR2,21,0.8389238941191556
LTP346,ltpFR2,22,0.8576580458889952
LTP347,ltpFR2,0,0.8469429140292292
LTP347,ltpFR2,1,0.8054065717948927
LTP347,ltpFR2,2,0.8065021083191546
LTP347,ltpFR2,3,0.7970716139643903
LTP347,ltpFR2,4,0.8174363392202953
LTP347,ltpFR2,5,0.8587922359952462
LTP347,ltpFR2,6,0.8719967006333432
LTP347,ltpFR2,7,0.8724512024903232
LTP347,ltpFR2,8,0.906400909504765
LTP347,ltpFR2,9,0.8215416347775523
LTP347,ltpFR2,10,0.8869952751861091
LTP347,ltpFR2,11,0.8806251863555481
LTP347,ltpFR2,12,0.8748832078399899
LTP347,ltpFR2,13,0.9031620397136763
LTP347,ltpFR2,14,0.8949277119389111
LTP347,ltpFR2,15,0.8957185668466674
LTP347,ltpFR2,16,0.8494158344243434
LTP347,ltpFR2,17,0.8772249221370164
LTP347,ltpFR2,18,0.7914548354230049
LTP347,ltpFR2,19,0.7558270996758913
LTP347,ltpFR2,20,0.8533637310826819
LTP347,ltpFR2,21,0.8882704021526828
LTP347,ltpFR2,22,0.9164165751832947
LTP348,ltpFR2,0,0.591642782864907
LTP348,ltpFR2,1,0.5924807710049788
LTP348,ltpFR2,2,0.6218092863218068
LTP348,ltpFR2,3,0.5820138642425893
LTP348,ltpFR2,4,0.5379124692372846
LTP348,ltpFR2,5,0.5093295268313519
LTP348,ltpFR2,6,0.5297291351657379
LTP348,ltpFR2,7,0.6295952825857156
LTP348,ltpFR2,8,0.4764161166049759
LTP348,ltpFR2,9,0.5557722815541218
LTP348,ltpFR2,10,0.5352414442367475
LTP348,ltpFR2,11,0.5901713709745655
LTP348,ltpFR2,12,0.5814148976733412
LTP348,ltpFR2,13,0.6276296285520107
LTP348,ltpFR2,14,0.5268861329710978
LTP348,ltpFR2,15,0.592762362199443
LTP348,ltpFR2,16,0.464141752602851
LTP348,ltpFR2,17,0.539863880230686
LTP348,ltpFR2,18,0.5066930988575894
LTP348,ltpFR2,19,0.48155805437539184
LTP348,ltpFR2,20,0.5844979773570431
LTP348,ltpFR2,21,0.5042670935998004
LTP348,ltpFR2,22,0.5218863921166552
LTP349,ltpFR2,0,0.6904852973412096
LTP349,ltpFR2,1,0.6237672321356156
LTP349,ltpFR2,2,0.6768353640744529
LTP349,ltpFR2,3,0.7121742426383078
LTP349,ltpFR2,4,0.720889927791834
LTP349,ltpFR2,5,0.6629849752714628
LTP349,ltpFR2,6,0.6828820260384214
LTP349,ltpFR2,7,0.7211274322515472
LTP349,ltpFR2,8,0.707418079457815
LTP349,ltpFR2,9,0.7536124779282939
LTP349,ltpFR2,10,0.7704695152094543
LTP349,ltpFR2,11,0.6868725653809589
LTP349,ltpFR2,12,0.710592599030245
LTP349,ltpFR2,13,0.7107123616801292
LTP349,ltpFR2,14,0.7019612295302694
LTP349,ltpFR2,15,0.7361001553139974
LTP349,ltpFR2,16,0.8189721801810234
LTP349,ltpFR2,17,0.7365877250022429
LTP349,ltpFR2,18,0.7671312604840934
LTP349,ltpFR2,19,0.7278371101789612
LTP349,ltpFR2,20,0.7596242326167697
LTP349,ltpFR2,21,0.7967826992987602
LTP349,ltpFR2,22,0.6854535936782524
LTP352,ltpFR2,0,0.6061422170270783
LTP353,ltpFR2,0,0.6891115514645592
LTP353,ltpFR2,1,0.6154036483025299
LTP354,ltpFR2,0,0.5710152275853293
LTP354,ltpFR2,1,0.6404321649057868
LTP354,ltpFR2,2,0.6317272501282658
LTP354,ltpFR2,3,0.5267118708037494
LTP354,ltpFR2,4,0.6193874730652077
LTP354,ltpFR2,5,0.6345827831654071
LTP354,ltpFR2,6,0.6593620073167287
LTP354,ltpFR2,7,0.5832074354166795
LTP354,ltpFR2,8,0.5960340456896258
LTP354,ltpFR2,9,0.6027630583999916
LTP354,ltpFR2,10,0.6025793665999766
LTP354,ltpFR2,11,0.7137093522324981
LTP354,ltpFR2,12,0.6122136475742305
LTP354,ltpFR2,13,0.6675483746161799
LTP354,ltpFR2,14,0.643477125843647
LTP354,ltpFR2,15,0.6430643890907973
LTP354,ltpFR2,16,0.6840138940633854
LTP354,ltpFR2,17,0.6917083997742458
LTP354,ltpFR2,18,0.6721183368159837
LTP354,ltpFR2,19,0.6838810791401908
LTP354,ltpFR2,20,0.6646408582681799
LTP354,ltpFR2,21,0.7021170584321476
LTP354,ltpFR2,22,0.7000879734345756
LTP355,ltpFR2,0,0.6778970811787571
LTP355,ltpFR2,1,0.6481009808518391
LTP355,ltpFR2,2,0.7005429671033042
LTP355,ltpFR2,3,0.7375265005531352
LTP355,ltpFR2,4,0.7037574083854217
LTP355,ltpFR2,5,0.672534275497815
LTP355,ltpFR2,6,0.7661357337939169
LTP355,ltpFR2,7,0.6977262644698349
LTP355,ltpFR2,8,0.7254429614547132
LTP355,ltpFR2,9,0.744716707113326
LTP355,ltpFR2,10,0.7493789190149797
LTP355,ltpFR2,11,0.7640052659957765
LTP355,ltpFR2,12,0.8044778222164618
LTP355,ltpFR2,13,0.7557662107886787
LTP355,ltpFR2,14,0.7277157490130538
LTP355,ltpFR2,15,0.7825726103195131
LTP355,ltpFR2,16,0.726957422643174
LTP355,ltpFR2,17,0.7287021309899561
LTP355,ltpFR2,18,0.7464529954034846
LTP355,ltpFR2,19,0.7638728153214949
LTP355,ltpFR2,20,0.7507466620294694
LTP355,ltpFR2,21,0.7997497422695244
LTP355,ltpFR2,22,0.7673256596181663
LTP356,ltpFR2,0,0.9098426151654206
LTP356,ltpFR2,1,0.9125850877204283
LTP356,ltpFR2,2,0.9615949388300082
LTP356,ltpFR2,3,0.9396324775188168
LTP356,ltpFR2,4,0.9545869626699016
LTP356,ltpFR2,5,0.947780887437874
LTP356,ltpFR2,6,0.9617866944923709
LTP356,ltpFR2,7,0.9529419810415556
LTP356,ltpFR2,8,0.976221879382349
LTP356,ltpFR2,9,0.9749450896511093
LTP356,ltpFR2,10,0.978565281704011
LTP356,ltpFR2,11,0.9759516147442414
LTP356,ltpFR2,12,0.9536355971301237
LTP356,ltpFR2,13,0.9499624576038039
LTP356,ltpFR2,14,0.9479673524537197
LTP356,ltpFR2,15,0.9463386812822047
LTP356,ltpFR2,16,0.966387269129877
LTP356,ltpFR2,17,0.9690303118797602
LTP356,ltpFR2,18,0.977152638696153
LTP356,ltpFR2,19,0.9667474725372233
LTP356,ltpFR2,20,0.9475799738345071
LTP356,ltpFR2,21,0.9391534558843176
LTP356,ltpFR2,22,0.9425640458035586
LTP357,ltpFR2,0,0.6999981629533257
LTP357,ltpFR2,1,0.6840808469661863
LTP357,ltpFR2,2,0.7207612779378662
LTP357,ltpFR2,3,0.7623844407284727
LTP357,ltpFR2,4,0.7687059245807187
LTP357,ltpFR2,5,0.8014933181194412
LTP357,ltpFR2,6,0.8262510748732962
LTP357,ltpFR2,7,0.8034948745017646
LTP357,ltpFR2,8,0.8057108234065041
LTP357,ltpFR2,9,0.8148843044265454
LTP357,ltpFR2,10,0.8265782131102368
LTP357,ltpFR2,11,0.7988736230278625
LTP357,ltpFR2,12,0.823543257901589
LTP357,ltpFR2,13,0.8200757493313419
LTP357,ltpFR2,14,0.7598245297434533
LTP357,ltpFR2,15,0.8242288226926352
LTP357,ltpFR2,16,0.8116397629983522
LTP357,ltpFR2,17,0.7931524915568261
LTP357,ltpFR2,18,0.8058041776282122
LTP357,ltpFR2,19,0.7705423335128514
LTP357,ltpFR2,20,0.8343440331137297
LTP357,ltpFR2,21,0.8218305581220062
LTP357,ltpFR2,22,0.8127172701644826
LTP358,ltpFR2,0,0.6354768660944543
LTP358,ltpFR2,1,0.63702645685594
LTP358,ltpFR2,2,0.6591788642360205
LTP358,ltpFR2,3,0.7890373947182535
LTP358,ltpFR2,4,0.7740277542450887
LTP358,ltpFR2,5,0.7242045206350031
LTP358,ltpFR2,6,0.7375658809624216
LTP359,ltpFR2,0,0.6685239353499347
LTP359,ltpFR2,1,0.7270770606800189
LTP359,ltpFR2,2,0.7726185874860064
LTP359,ltpFR2,3,0.8334945182837384
LTP359,ltpFR2,4,0.8372946532385956
LTP359,ltpFR2,5,0.7747476551061924
LTP360,ltpFR2,0,0.6849407097533589
LTP360,ltpFR2,1,0.6699996440257595
LTP360,ltpFR2,2,0.6995795037319915
LTP360,ltpFR2,3,0.7090917315445702
LTP360,ltpFR2,4,0.7835372484979192
LTP360,ltpFR2,5,0.7845992921469954
LTP360,ltpFR2,6,0.831684951159652
LTP360,ltpFR2,7,0.769536504053256
LTP360,ltpFR2,8,0.8449824517724157
LTP360,ltpFR2,9,0.7766397149676826
LTP360,ltpFR2,10,0.7694123204135684
LTP360,ltpFR2,11,0.7794710374913653
LTP360,ltpFR2,12,0.8310414163146901
LTP360,ltpFR2,13,0.7332074267507581
LTP360,ltpFR2,14,0.7252602457133068
LTP360,ltpFR2,15,0.78998165350755
LTP360,ltpFR2,16,0.7652777299846778
LTP360,ltpFR2,17,0.8769716990252453
LTP360,ltpFR2,18,0.7648805766497007
LTP360,ltpFR2,19,0.7756605952282546
LTP360,ltpFR2,20,0.8330652428715407
LTP360,ltpFR2,21,0.7329805924562808
LTP360,ltpFR2,22,0.8404161703125537
LTP361,ltpFR2,0,0.7475626036742515
LTP361,ltpFR2,1,0.758934183625228
LTP361,ltpFR2,2,0.7318604802762706
LTP361,ltpFR2,3,0.7300623628318706
LTP361,ltpFR2,4,0.7386479923139139
LTP361,ltpFR2,5,0.725142251521318
LTP361,ltpFR2,6,0.7269685267148297
LTP361,ltpFR2,7,0.7891765299173626
LTP361,ltpFR2,8,0.7415078983526598
LTP361,ltpFR2,9,0.7675242419078248
LTP361,ltpFR2,10,0.7299488444602708
LTP361,ltpFR2,11,0.7877152387107795
LTP361,ltpFR2,12,0.7808390080813888
LTP361,ltpFR2,13,0.7924995177543085
LTP361,ltpFR2,14,0.8152259674146367
LTP361,ltpFR2,15,0.8414158464538252
LTP361,ltpFR2,16,0.8244257375486951
LTP361,ltpFR2,17,0.8171533171635385
LTP361,ltpFR2,18,0.8347248524157549
LTP361,ltpFR2,19,0.8231985454282742
LTP361,ltpFR2,20,0.8485674081188618
LTP361,ltpFR2,22,0.8341792458830458
LTP362,ltpFR2,0,0.691154694472162
LTP362,ltpFR2,1,0.6549618073351636
LTP362,ltpFR2,2,0.6354062821115352
LTP362,ltpFR2,3,0.6794689888603724
LTP362,ltpFR2,4,0.7085968326185347
LTP362,ltpFR2,5,0.734094494024223
LTP362,ltpFR2,6,0.7693803079758724
LTP362,ltpFR2,7,0.7333322648494779
LTP362,ltpFR2,8,0.7089618402674234
LTP362,ltpFR2,9,0.6367047009380101
LTP362,ltpFR2,10,0.6931740204248418
LTP362,ltpFR2,11,0.6244414976338923
LTP362,ltpFR2,12,0.7117704559776955
LTP362,ltpFR2,13,0.7203253269080934
LTP362,ltpFR2,14,0.7990423704728812
LTP362,ltpFR2,15,0.8180293850626742
LTP362,ltpFR2,16,0.8343278691962968
LTP362,ltpFR2,17,0.6555679051783734
LTP362,ltpFR2,18,0.6570347675189602
LTP362,ltpFR2,19,0.6800450585911889
LTP362,ltpFR2,20,0.712253819608168
LTP362,ltpFR2,21,0.6912814088582209
LTP362,ltpFR2,22,0.7380428711556394
LTP363,ltpFR2,0,0.6434620327703868
LTP363,ltpFR2,1,0.5926971453734562
LTP363,ltpFR2,2,0.7224218023596033
LTP363,ltpFR2,3,0.6291859463392041
LTP364,ltpFR2,0,0.6123027471177234
LTP364,ltpFR2,1,0.640201073708924
LTP364,ltpFR2,2,0.843045174892617
LTP364,ltpFR2,3,0.8350039109996336
LTP364,ltpFR2,4,0.8931599418609197
LTP364,ltpFR2,5,0.8802264103031182
LTP364,ltpFR2,6,0.9067343650029066
LTP364,ltpFR2,7,0.8789256924371404
LTP364,ltpFR2,8,0.8319604795371103
LTP364,ltpFR2,9,0.8482545921184925
LTP364,ltpFR2,10,0.7622464922529893
LTP364,ltpFR2,11,0.9302043050223332
LTP364,ltpFR2,12,0.825997947425459
LTP364,ltpFR2,13,0.8869037393056194
LTP364,ltpFR2,14,0.8013309338250705
LTP364,ltpFR2,15,0.7962035943144121
LTP364,ltpFR2,16,0.8255115139967436
LTP364,ltpFR2,17,0.8565901660131545
LTP364,ltpFR2,18,0.807881079797682
LTP364,ltpFR2,19,0.8100493982814727
LTP364,ltpFR2,20,0.7397328970796186
LTP364,ltpFR2,21,0.8870210979758312
LTP364,ltpFR2,22,0.9018823585620995
LTP365,ltpFR2,0,0.5936852127152475
LTP365,ltpFR2,1,0.6165742895387571
LTP365,ltpFR2,2,0.5954740852131989
LTP365,ltpFR2,3,0.6069621424853643
LTP365,ltpFR2,4,0.636728054009373
LTP365,ltpFR2,5,0.626193268245162
LTP365,ltpFR2,6,0.6238666879571099
LTP365,ltpFR2,7,0.6475671970721409
LTP365,ltpFR2,8,0.6102045003900574
LTP365,ltpFR2,9,0.5792575325644893
LTP365,ltpFR2,10,0.5902966313581554
LTP365,ltpFR2,11,0.6490991420436397
LTP365,ltpFR2,12,0.6799129389579018
LTP365,ltpFR2,13,0.6522446461683745
LTP365,ltpFR2,14,0.6031917909609185
LTP365,ltpFR2,15,0.6123067432414174
LTP365,ltpFR2,16,0.6062391902035372
LTP365,ltpFR2,17,0.6316271511846984
LTP365,ltpFR2,18,0.6550863403832351
LTP365,ltpFR2,19,0.6279350945795038
LTP365,ltpFR2,20,0.6217218933130367
LTP365,ltpFR2,21,0.6140299115253438
LTP365,ltpFR2,22,0.5833413747948987
LTP366,ltpFR2,0,0.6446156588568436
LTP366,ltpFR2,1,0.5754396935994331
LTP366,ltpFR2,2,0.7388485973394933
LTP366,ltpFR2,3,0.6409306418088291
LTP366,ltpFR2,4,0.6644632772005178
LTP366,ltpFR2,5,0.635204640429996
LTP366,ltpFR2,6,0.674566239549992
LTP366,ltpFR2,7,0.6676558903496873
LTP366,ltpFR2,8,0.6760353754908416
LTP366,ltpFR2,9,0.731065857235751
LTP366,ltpFR2,10,0.688870379841033
LTP366,ltpFR2,11,0.6909371551943412
LTP366,ltpFR2,12,0.7146347554697453
LTP366,ltpFR2,13,0.7135827510524507
LTP366,ltpFR2,14,0.7086762490434929
LTP366,ltpFR2,15,0.6858871152432636
LTP366,ltpFR2,16,0.6880399787329144
LTP366,ltpFR2,17,0.7172073307141273
LTP366,ltpFR2,18,0.7296943668251555
LTP366,ltpFR2,19,0.6923869177502455
LTP366,ltpFR2,20,0.7285882414835329
LTP366,ltpFR2,21,0.7480279933571872
LTP366,ltpFR2,22,0.7530048249432468
LTP367,ltpFR2,0,0.7896527245928843
LTP367,ltpFR2,1,0.8778656146604075
LTP367,ltpFR2,2,0.9146581960043251
LTP367,ltpFR2,3,0.9425382207615045
LTP367,ltpFR2,4,0.9186035168550816
LTP367,ltpFR2,5,0.92463506315819
LTP367,ltpFR2,6,0.8786360233066722
LTP367,ltpFR2,7,0.8867742725628376
LTP367,ltpFR2,8,0.90928304736768
LTP367,ltpFR2,9,0.8921525724059699
LTP367,ltpFR2,10,0.9062899194434754
LTP367,ltpFR2,11,0.9047547085272502
LTP367,ltpFR2,12,0.9319654303521453
LTP367,ltpFR2,13,0.9092603195916599
LTP367,ltpFR2,14,0.9106587575233531
LTP367,ltpFR2,15,0.937003282164086
LTP367,ltpFR2,16,0.8494022541168627
LTP367,ltpFR2,17,0.9293702485932661
LTP367,ltpFR2,18,0.9381510591173843
LTP367,ltpFR2,19,0.8738187790788206
LTP367,ltpFR2,20,0.8419934585182318
LTP367,ltpFR2,21,0.8326737288906001
LTP367,ltpFR2,22,0.853331001471612
LTP368,ltpFR2,0,0.6617165578808363
LTP369,ltpFR2,0,0.7852591034857089
LTP369,ltpFR2,1,0.7824363834835886
LTP369,ltpFR2,2,0.7659847672204964
LTP369,ltpFR2,3,0.8340885041411993
LTP369,ltpFR2,4,0.8496311038557435
LTP369,ltpFR2,5,0.9227136605413976
LTP369,ltpFR2,6,0.8884242288071335
LTP369,ltpFR2,7,0.894607695140179
LTP369,ltpFR2,8,0.8683497958384456
LTP369,ltpFR2,9,0.8974015152942824
LTP369,ltpFR2,10,0.9057452036541297
LTP369,ltpFR2,11,0.8859203174507005
LTP369,ltpFR2,12,0.90097608785238
LTP369,ltpFR2,13,0.9425977577154754
LTP369,ltpFR2,14,0.9250198380995852
LTP369,ltpFR2,15,0.8960746040481199
LTP369,ltpFR2,16,0.9436197607558131
LTP369,ltpFR2,17,0.9316838187458937
LTP369,ltpFR2,18,0.8947657528984995
LTP369,ltpFR2,19,0.9144059732378503
LTP369,ltpFR2,20,0.9048025909838437
LTP369,ltpFR2,21,0.90804387523398
LTP369,ltpFR2,22,0.8981640748252587
LTP370,ltpFR2,0,0.6700071238135051
LTP370,ltpFR2,1,0.6352037991016026
LTP370,ltpFR2,2,0.6759316468729218
LTP371,ltpFR2,0,0.6274272715593163
LTP371,ltpFR2,1,0.7450559545168177
LTP371,ltpFR2,2,0.7208467477075667
LTP371,ltpFR2,3,0.7458962537694225
LTP371,ltpFR2,4,0.7907658228217646
LTP371,ltpFR2,5,0.8015812892832486
LTP371,ltpFR2,6,0.7859580366953659
LTP371,ltpFR2,7,0.8305624634319636
LTP371,ltpFR2,8,0.8396990006841597
LTP371,ltpFR2,9,0.8185019472964563
LTP371,ltpFR2,10,0.858214652899926
LTP371,ltpFR2,11,0.8837031730565624
LTP371,ltpFR2,12,0.7941267534899502
LTP371,ltpFR2,13,0.805180180399117
LTP371,ltpFR2,14,0.8274983808698381
LTP371,ltpFR2,15,0.8325805300591608
LTP371,ltpFR2,16,0.843969769940768
LTP371,ltpFR2,17,0.8681492488157557
LTP371,ltpFR2,18,0.8512637743190116
LTP371,ltpFR2,19,0.8596858770857913
LTP371,ltpFR2,20,0.8436114166699298
LTP371,ltpFR2,21,0.8723588154270874
LTP371,ltpFR2,22,0.8381254285813781
LTP372,ltpFR2,0,0.7967195115510783
LTP372,ltpFR2,1,0.8255975301215498
LTP372,ltpFR2,2,0.8567142342032485
LTP372,ltpFR2,3,0.8602149988928
LTP372,ltpFR2,4,0.8675697706986956
LTP372,ltpFR2,5,0.8882237533172047
LTP372,ltpFR2,6,0.8951604199071438
LTP372,ltpFR2,7,0.8770094189359182
LTP372,ltpFR2,8,0.8459231737329457
LTP372,ltpFR2,9,0.8707300825611095
LTP372,ltpFR2,10,0.8623166984602326
LTP372,ltpFR2,11,0.8271344266481342
LTP372,ltpFR2,12,0.8076611999272947
LTP372,ltpFR2,13,0.7730609926414113
LTP372,ltpFR2,14,0.7824974487174767
LTP372,ltpFR2,15,0.8050984233507318
LTP372,ltpFR2,16,0.8382061953731061
LTP372,ltpFR2,17,0.8311918497400249
LTP372,ltpFR2,18,0.8538334430974962
LTP372,ltpFR2,19,0.7918779209841222
LTP372,ltpFR2,20,0.8529015609863345
LTP372,ltpFR2,21,0.8594378998005928
LTP372,ltpFR2,22,0.8418539114005682
LTP373,ltpFR2,0,0.5822187280528787
LTP373,ltpFR2,1,0.6128825962829255
LTP373,ltpFR2,2,0.6071823804177198
LTP373,ltpFR2,3,0.6116386724096093
LTP373,ltpFR2,4,0.6537484144409974
LTP373,ltpFR2,5,0.6061703778345794
LTP373,ltpFR2,6,0.5611105400783413
LTP373,ltpFR2,7,0.5982818904763322
LTP373,ltpFR2,8,0.6041500128080098
LTP373,ltpFR2,9,0.6279287182913419
LTP373,ltpFR2,10,0.6447195356930796
LTP373,ltpFR2,11,0.5969372271900718
LTP373,ltpFR2,12,0.629789201858482
LTP373,ltpFR2,13,0.6793944504770385
LTP373,ltpFR2,14,0.612450979339901
LTP373,ltpFR2,15,0.6055650365312183
LTP373,ltpFR2,16,0.5790883438758868
LTP373,ltpFR2,17,0.6823693072705685
LTP373,ltpFR2,18,0.6276486030080493
LTP373,ltpFR2,19,0.604100109645994
LTP373,ltpFR2,20,0.6723244382175654
LTP373,ltpFR2,21,0.6429958480486601
LTP373,ltpFR2,22,0.5948443314627646
LTP374,ltpFR2,0,0.6128664232785179
LTP374,ltpFR2,1,0.6069505405949008
LTP374,ltpFR2,2,0.5999285472264165
LTP374,ltpFR2,3,0.5935123672307522
LTP374,ltpFR2,4,0.6258803474416733
LTP374,ltpFR2,7,0.5888054892541706
LTP374,ltpFR2,8,0.6086904684991088
LTP374,ltpFR2,10,0.6240763129789896
LTP374,ltpFR2,11,0.6627569940396395
LTP374,ltpFR2,12,0.6928313614377083
LTP374,ltpFR2,13,0.6160949041347287
LTP374,ltpFR2,14,0.6251090440334883
LTP374,ltpFR2,15,0.6441034823925292
LTP374,ltpFR2,16,0.655188880863646
LTP374,ltpFR2,17,0.6265810151231053
LTP374,ltpFR2,18,0.6198837596080923
LTP374,ltpFR2,19,0.6541054940148127
LTP374,ltpFR2,20,0.606716331205918
LTP374,ltpFR2,21,0.6282717937266609
LTP374,ltpFR2,22,0.6397251734077882
LTP375,ltpFR2,0,0.6328865340122688
LTP375,ltpFR2,1,0.6283115844029287
LTP376,ltpFR2,0,0.6767998319762941
LTP376,ltpFR2,1,0.6406512353191893
LTP376,ltpFR2,3,0.6175919998447241
LTP376,ltpFR2,4,0.6726475094183879
LTP376,ltpFR2,5,0.6071121000494181
LTP376,ltpFR2,6,0.7285569482044029
LTP376,ltpFR2,7,0.7130259737859975
LTP376,ltpFR2,8,0.6784560171819058
LTP376,ltpFR2,9,0.6207473378892702
LTP376,ltpFR2,10,0.7021336385850162
LTP376,ltpFR2,11,0.7491230525337461
LTP376,ltpFR2,12,0.6790183900767518
LTP376,ltpFR2,14,0.6464484347392808
LTP376,ltpFR2,15,0.6754457901901286
LTP376,ltpFR2,16,0.6737541617962791
LTP376,ltpFR2,17,0.6362736376164756
LTP376,ltpFR2,18,0.6646382841465958
LTP376,ltpFR2,19,0.6008049894885934
LTP376,ltpFR2,20,0.6879931510955397
LTP376,ltpFR2,21,0.702530456943177
LTP376,ltpFR2,22,0.6276051307065874
LTP377,ltpFR2,0,0.6265685603660052
LTP377,ltpFR2,1,0.5893531409966438
LTP377,ltpFR2,2,0.5903605128956533
LTP377,ltpFR2,4,0.5666377643681106
LTP377,ltpFR2,5,0.6795203615396704
LTP377,ltpFR2,6,0.595605146083201
LTP377,ltpFR2,7,0.6757995430958833
LTP377,ltpFR2,8,0.6592037091641543
LTP377,ltpFR2,9,0.7759377872220269
LTP377,ltpFR2,10,0.7921934748973302
LTP377,ltpFR2,11,0.7919889091226958
LTP377,ltpFR2,12,0.7941934635818182
LTP377,ltpFR2,13,0.8480807644046631
LTP377,ltpFR2,17,0.841326994270202
LTP377,ltpFR2,22,0.8848821812948141
LTP378,ltpFR2,0,0.7204647857715925
LTP378,ltpFR2,1,0.7735702370357462
LTP378,ltpFR2,2,0.8226966297075851
LTP378,ltpFR2,3,0.7138064951644733
LTP378,ltpFR2,4,0.8391761878791394
LTP378,ltpFR2,5,0.817708818305444
LTP378,ltpFR2,6,0.8636544715718224
LTP378,ltpFR2,7,0.8404441080804195
LTP378,ltpFR2,8,0.7868345688352814
LTP378,ltpFR2,9,0.7861797955549867
LTP378,ltpFR2,10,0.7746232098894419
LTP378,ltpFR2,11,0.8377497247506832
LTP378,ltpFR2,12,0.7903371031341458
LTP378,ltpFR2,13,0.8107630206687938
LTP378,ltpFR2,14,0.798689769952289
LTP378,ltpFR2,15,0.7371692536236149
LTP378,ltpFR2,16,0.8006334590620545
LTP378,ltpFR2,17,0.8050140764611219
LTP378,ltpFR2,18,0.7432011679639481
LTP378,ltpFR2,19,0.7888427639353908
LTP378,ltpFR2,20,0.7160277601249698
LTP378,ltpFR2,21,0.7948393308329236
LTP378,ltpFR2,22,0.7497671619432352
LTP379,ltpFR2,0,0.9788847086640806
LTP379,ltpFR2,1,0.9929618078475558
LTP379,ltpFR2,2,0.9856595573999666
LTP379,ltpFR2,3,0.9851444399570567
LTP379,ltpFR2,4,0.9875211798932962
LTP379,ltpFR2,5,0.9830248174851693
LTP379,ltpFR2,6,0.9766425337098815
LTP379,ltpFR2,7,0.9823301723707801
LTP379,ltpFR2,8,0.9892996895243331
LTP379,ltpFR2,9,0.9896529974240051
LTP379,ltpFR2,10,0.9895202166150052
LTP379,ltpFR2,11,0.9674597831270565
LTP379,ltpFR2,12,0.9844513140505083
LTP379,ltpFR2,13,0.9833082326748896
LTP379,ltpFR2,14,0.9797376096970818
LTP379,ltpFR2,15,0.981809730516528
LTP379,ltpFR2,16,0.9837822950333096
LTP379,ltpFR2,17,0.9905650595524501
LTP379,ltpFR2,18,0.9903242986253383
LTP379,ltpFR2,19,0.9859988958433025
LTP379,ltpFR2,20,0.976859508556756
LTP379,ltpFR2,21,0.9794522788901561
LTP379,ltpFR2,22,0.9828851059661217
LTP381,ltpFR2,0,0.6007079205194956
LTP381,ltpFR2,1,0.5731261316582866
LTP381,ltpFR2,2,0.5601869891555508
LTP381,ltpFR2,3,0.5804325306446676
LTP382,ltpFR2,0,0.6664497252878054
LTP382,ltpFR2,1,0.7256328315552807
LTP382,ltpFR2,2,0.6763413233300527
LTP382,ltpFR2,3,0.701837150957834
LTP383,ltpFR2,0,0.6577268096175899
LTP383,ltpFR2,1,0.6740129935210831
LTP384,ltpFR2,0,0.6292810104514931
LTP384,ltpFR2,1,0.6384101330278974
LTP384,ltpFR2,2,0.6600798827304328
LTP384,ltpFR2,3,0.6915669173614373
LTP384,ltpFR2,4,0.7880112818395305
LTP384,ltpFR2,5,0.8030529402455014
LTP384,ltpFR2,6,0.7904352752242794
LTP385,ltpFR2,0,0.6666578473060351
LTP385,ltpFR2,1,0.6349918728761753
LTP385,ltpFR2,2,0.6155940655694506
LTP385,ltpFR2,3,0.6582747862479245
LTP385,ltpFR2,4,0.6613666815805085
LTP385,ltpFR2,5,0.6691000753719033
LTP385,ltpFR2,6,0.6755585704568517
LTP385,ltpFR2,7,0.7703046986034564
LTP385,ltpFR2,8,0.7140668956632285
LTP385,ltpFR2,9,0.7052654999255896
LTP385,ltpFR2,10,0.7761783393751837
LTP385,ltpFR2,11,0.7018568648708731
LTP385,ltpFR2,12,0.677022050114799
LTP385,ltpFR2,14,0.7095109573127181
LTP385,ltpFR2,15,0.6870240477404961
LTP385,ltpFR2,16,0.7716939127199578
LTP385,ltpFR2,17,0.7479283125996056
LTP385,ltpFR2,18,0.7929641769390233
LTP385,ltpFR2,19,0.7650713833806513
LTP385,ltpFR2,20,0.7039693688833433
LTP385,ltpFR2,21,0.7331028790350148
LTP385,ltpFR2,22,0.771772649742914
LTP386,ltpFR2,0,0.6020875649269329
LTP386,ltpFR2,1,0.5302803109354012
LTP386,ltpFR2,2,0.6279461718481226
LTP386,ltpFR2,3,0.6282081477710575
LTP386,ltpFR2,4,0.6073804619094626
LTP386,ltpFR2,5,0.647265152660834
LTP386,ltpFR2,6,0.6778988718575056
LTP386,ltpFR2,7,0.6389791976722208
LTP386,ltpFR2,8,0.6787396503270627
LTP386,ltpFR2,9,0.6285193577176159
LTP386,ltpFR2,10,0.5993965536598266
LTP386,ltpFR2,11,0.6543397972345688
LTP386,ltpFR2,12,0.7608448047180865
LTP386,ltpFR2,13,0.6341089833716033
LTP386,ltpFR2,14,0.6488603100964805
LTP386,ltpFR2,15,0.6868869134883525
LTP386,ltpFR2,16,0.6956711458354851
LTP386,ltpFR2,17,0.5964636302060113
LTP386,ltpFR2,18,0.6897590787283243
LTP386,ltpFR2,19,0.7094867313485734
LTP386,ltpFR2,20,0.8118169186645064
LTP386,ltpFR2,21,0.7745233674087847
LTP386,ltpFR2,22,0.8003647330039466
LTP387,ltpFR2,0,0.6454113744473314
LTP387,ltpFR2,1,0.6518112687936635
LTP387,ltpFR2,2,0.6629796672839668
LTP387,ltpFR2,3,0.6281720722727505
LTP387,ltpFR2,4,0.6564987705695656
LTP387,ltpFR2,5,0.7139724795694905
LTP387,ltpFR2,6,0.7170487837162923
LTP387,ltpFR2,7,0.6381918405153023
LTP387,ltpFR2,8,0.6201128973713443
LTP387,ltpFR2,9,0.6698253059596562
LTP387,ltpFR2,10,0.6930935257192009
LTP387,ltpFR2,11,0.7067755220508224
LTP387,ltpFR2,12,0.6818397539192134
LTP387,ltpFR2,13,0.7127159927841834
LTP387,ltpFR2,14,0.6860811144152361
LTP387,ltpFR2,15,0.6937895287628794
LTP387,ltpFR2,16,0.7500710136965169
LTP387,ltpFR2,17,0.7318772516865577
LTP387,ltpFR2,18,0.7394263083408018
LTP387,ltpFR2,19,0.7604499299046049
LTP387,ltpFR2,20,0.6804067002388507
LTP387,ltpFR2,21,0.7463944800590943
LTP387,ltpFR2,22,0.7186695746434346
LTP388,ltpFR2,0,0.6073838517559932
LTP388,ltpFR2,1,0.6799633504722692
LTP389,ltpFR2,0,0.6037924473500113
LTP389,ltpFR2,1,0.6256869099538348
LTP389,ltpFR2,2,0.6167768124613345
LTP389,ltpFR2,3,0.6655387839226523
LTP389,ltpFR2,4,0.6490040522036181
LTP389,ltpFR2,5,0.6365085942652219
LTP389,ltpFR2,6,0.642810303982081
LTP389,ltpFR2,7,0.6773097805079722
LTP389,ltpFR2,8,0.6847412759599045
LTP389,ltpFR2,9,0.7200620259151426
LTP389,ltpFR2,10,0.7164139879890735
LTP389,ltpFR2,11,0.7168257310616694
LTP389,ltpFR2,12,0.6807742350928389
LTP389,ltpFR2,13,0.7080356055528331
LTP389,ltpFR2,14,0.6878612475199649
LTP389,ltpFR2,15,0.6939386212778497
LTP389,ltpFR2,16,0.680070565800257
LTP389,ltpFR2,17,0.6935040723891731
LTP389,ltpFR2,18,0.7017019609985541
LTP389,ltpFR2,19,0.7019171825111479
LTP389,ltpFR2,20,0.7195551977710347
LTP389,ltpFR2,21,0.6499681228624813
LTP389,ltpFR2,22,0.7150707148618721
LTP390,ltpFR2,0,0.6755947226421947
LTP390,ltpFR2,1,0.6901920870873933
LTP390,ltpFR2,2,0.7174766037919355
LTP390,ltpFR2,3,0.6562255872281195
LTP390,ltpFR2,4,0.6928276332144858
LTP390,ltpFR2,5,0.717317706434481
LTP390,ltpFR2,6,0.663999111584983
LTP390,ltpFR2,7,0.7599811435837708
LTP390,ltpFR2,8,0.7222365273515368
LTP390,ltpFR2,9,0.7885983496768583
LTP390,ltpFR2,10,0.7305691396077892
LTP390,ltpFR2,13,0.7274806313270438
LTP390,ltpFR2,14,0.7498168947990768
LTP390,ltpFR2,15,0.7914746422876502
LTP390,ltpFR2,16,0.7823995254889574
LTP390,ltpFR2,17,0.7931382734978627
LTP390,ltpFR2,18,0.7972539686657452
LTP390,ltpFR2,19,0.8233362002936412
LTP390,ltpFR2,20,0.8975217782405899
LTP390,ltpFR2,21,0.9071914570586341
LTP390,ltpFR2,22,0.783891714580569
LTP391,ltpFR2,0,0.5979764027685642
LTP391,ltpFR2,1,0.5872592467028773
LTP391,ltpFR2,2,0.6171649851502261
LTP391,ltpFR2,3,0.5892827997474474
LTP391,ltpFR2,4,0.5990400595620285
LTP391,ltpFR2,5,0.6245040949818149
LTP391,ltpFR2,6,0.5991020991643072
LTP391,ltpFR2,7,0.6203254637754426
LTP391,ltpFR2,8,0.6113000190634726
LTP391,ltpFR2,9,0.609859502577334
LTP391,ltpFR2,10,0.6239608350750775
LTP391,ltpFR2,11,0.6499130798471513
LTP391,ltpFR2,12,0.5869591917731417
LTP391,ltpFR2,13,0.6052929025100954
LTP391,ltpFR2,14,0.612244778921517
LTP391,ltpFR2,16,0.6549750539857628
LTP391,ltpFR2,17,0.6232114420602299
LTP391,ltpFR2,18,0.6317760346700912
LTP391,ltpFR2,19,0.6660119809309845
LTP391,ltpFR2,20,0.6455687184513386
LTP391,ltpFR2,21,0.6838112091642177
LTP391,ltpFR2,22,0.618469938950314
LTP392,ltpFR2,0,0.6262762686100889
LTP392,ltpFR2,1,0.6638012900499467
LTP392,ltpFR2,2,0.6135150576427885
LTP392,ltpFR2,3,0.6487014126824704
LTP393,ltpFR2,0,0.6560620077803255
LTP393,ltpFR2,1,0.6915432577784362
LTP393,ltpFR2,2,0.6982423584935754
LTP393,ltpFR2,3,0.6731823956288273
LTP393,ltpFR2,4,0.7683281764409476
LTP393,ltpFR2,5,0.7446038218166003
LTP393,ltpFR2,6,0.7848839245744255
LTP393,ltpFR2,7,0.6460592552726623
LTP393,ltpFR2,8,0.8239784274767343
LTP393,ltpFR2,9,0.7601305630720682
LTP393,ltpFR2,10,0.7157035896909839
LTP393,ltpFR2,11,0.7698228480554667
LTP393,ltpFR2,12,0.7577235055514953
LTP393,ltpFR2,13,0.8047770035535037
LTP393,ltpFR2,14,0.7468512986501087
LTP393,ltpFR2,15,0.7381983039699859
LTP393,ltpFR2,16,0.7041602133420943
LTP393,ltpFR2,17,0.746418479563677
LTP393,ltpFR2,18,0.7972626394350503
LTP393,ltpFR2,19,0.8364409469352256
LTP393,ltpFR2,20,0.8010959369013457
LTP393,ltpFR2,21,0.8630316970425167
LTP393,ltpFR2,22,0.787274027847654
